Campaign,Ad Group,Keyword,Criterion Type,Max CPC,Final URL
NO | Brand,Brand exact,digilist,Exact,,https://digilist.no/
NO | Brand,Brand exact,digilist no,Exact,,https://digilist.no/
NO | Brand,Brand exact,digilist booking,Exact,,https://digilist.no/
NO | Brand,Brand exact,digilist lokaler,Exact,,https://digilist.no/
NO | Brand,Brand exact,digilist utleie,Exact,,https://digilist.no/
NO | Brand,Brand exact,digilist.no,Exact,,https://digilist.no/
NO | Brand,,digilist jobb,Campaign Negative Phrase,,
NO | Brand,,digilist logg inn,Campaign Negative Phrase,,
NO | Lokaler - Tier 1,Trondheim - lokale til leie,lokale til leie Trondheim,Phrase,,https://digilist.no/lokaler-til-leie/trondheim
NO | Lokaler - Tier 1,Trondheim - lokale til leie,lokale til leie Trondheim,Exact,,https://digilist.no/lokaler-til-leie/trondheim
NO | Lokaler - Tier 1,Trondheim - lokale til leie,lokaler til leie Trondheim,Phrase,,https://digilist.no/lokaler-til-leie/trondheim
NO | Lokaler - Tier 1,Trondheim - lokale til leie,lokaler til leie Trondheim,Exact,,https://digilist.no/lokaler-til-leie/trondheim
NO | Lokaler - Tier 1,Trondheim - lokale til leie,leie lokale Trondheim,Phrase,,https://digilist.no/lokaler-til-leie/trondheim
NO | Lokaler - Tier 1,Trondheim - lokale til leie,leie lokale Trondheim,Exact,,https://digilist.no/lokaler-til-leie/trondheim
NO | Lokaler - Tier 1,Trondheim - lokale til leie,leie lokaler Trondheim,Phrase,,https://digilist.no/lokaler-til-leie/trondheim
NO | Lokaler - Tier 1,Trondheim - lokale til leie,leie lokaler Trondheim,Exact,,https://digilist.no/lokaler-til-leie/trondheim
NO | Lokaler - Tier 1,Trondheim - lokale til leie,lokale Trondheim leie,Phrase,,https://digilist.no/lokaler-til-leie/trondheim
NO | Lokaler - Tier 1,Trondheim - lokale til leie,lokale Trondheim leie,Exact,,https://digilist.no/lokaler-til-leie/trondheim
NO | Lokaler - Tier 1,Trondheim - lokale til leie,utleie lokale Trondheim,Phrase,,https://digilist.no/lokaler-til-leie/trondheim
NO | Lokaler - Tier 1,Trondheim - lokale til leie,utleie lokale Trondheim,Exact,,https://digilist.no/lokaler-til-leie/trondheim
NO | Lokaler - Tier 1,Trondheim - selskap og fest,selskapslokale Trondheim,Phrase,,https://digilist.no/lokaler-til-leie/trondheim
NO | Lokaler - Tier 1,Trondheim - selskap og fest,selskapslokale Trondheim,Exact,,https://digilist.no/lokaler-til-leie/trondheim
NO | Lokaler - Tier 1,Trondheim - selskap og fest,selskapslokaler Trondheim,Phrase,,https://digilist.no/lokaler-til-leie/trondheim
NO | Lokaler - Tier 1,Trondheim - selskap og fest,selskapslokaler Trondheim,Exact,,https://digilist.no/lokaler-til-leie/trondheim
NO | Lokaler - Tier 1,Trondheim - selskap og fest,selskapslokale til leie Trondheim,Phrase,,https://digilist.no/lokaler-til-leie/trondheim
NO | Lokaler - Tier 1,Trondheim - selskap og fest,selskapslokale til leie Trondheim,Exact,,https://digilist.no/lokaler-til-leie/trondheim
NO | Lokaler - Tier 1,Trondheim - selskap og fest,leie selskapslokale Trondheim,Phrase,,https://digilist.no/lokaler-til-leie/trondheim
NO | Lokaler - Tier 1,Trondheim - selskap og fest,leie selskapslokale Trondheim,Exact,,https://digilist.no/lokaler-til-leie/trondheim
NO | Lokaler - Tier 1,Trondheim - selskap og fest,festlokale Trondheim,Phrase,,https://digilist.no/lokaler-til-leie/trondheim
NO | Lokaler - Tier 1,Trondheim - selskap og fest,festlokale Trondheim,Exact,,https://digilist.no/lokaler-til-leie/trondheim
NO | Lokaler - Tier 1,Trondheim - selskap og fest,festlokaler Trondheim,Phrase,,https://digilist.no/lokaler-til-leie/trondheim
NO | Lokaler - Tier 1,Trondheim - selskap og fest,festlokaler Trondheim,Exact,,https://digilist.no/lokaler-til-leie/trondheim
NO | Lokaler - Tier 1,Trondheim - selskap og fest,festlokale til leie Trondheim,Phrase,,https://digilist.no/lokaler-til-leie/trondheim
NO | Lokaler - Tier 1,Trondheim - selskap og fest,festlokale til leie Trondheim,Exact,,https://digilist.no/lokaler-til-leie/trondheim
NO | Lokaler - Tier 1,Trondheim - selskap og fest,leie festlokale Trondheim,Phrase,,https://digilist.no/lokaler-til-leie/trondheim
NO | Lokaler - Tier 1,Trondheim - selskap og fest,leie festlokale Trondheim,Exact,,https://digilist.no/lokaler-til-leie/trondheim
NO | Lokaler - Tier 1,Trondheim - selskap og fest,lokale til fest Trondheim,Phrase,,https://digilist.no/lokaler-til-leie/trondheim
NO | Lokaler - Tier 1,Trondheim - selskap og fest,lokale til fest Trondheim,Exact,,https://digilist.no/lokaler-til-leie/trondheim
NO | Lokaler - Tier 1,Trondheim - selskap og fest,lokale til bursdag Trondheim,Phrase,,https://digilist.no/lokaler-til-leie/trondheim
NO | Lokaler - Tier 1,Trondheim - selskap og fest,lokale til bursdag Trondheim,Exact,,https://digilist.no/lokaler-til-leie/trondheim
NO | Lokaler - Tier 1,Trondheim - selskap og fest,lokale til bryllup Trondheim,Phrase,,https://digilist.no/lokaler-til-leie/trondheim
NO | Lokaler - Tier 1,Trondheim - selskap og fest,lokale til bryllup Trondheim,Exact,,https://digilist.no/lokaler-til-leie/trondheim
NO | Lokaler - Tier 1,Trondheim - møte og konferanse,møterom Trondheim,Phrase,,https://digilist.no/lokaler-til-leie/trondheim
NO | Lokaler - Tier 1,Trondheim - møte og konferanse,møterom Trondheim,Exact,,https://digilist.no/lokaler-til-leie/trondheim
NO | Lokaler - Tier 1,Trondheim - møte og konferanse,leie møterom Trondheim,Phrase,,https://digilist.no/lokaler-til-leie/trondheim
NO | Lokaler - Tier 1,Trondheim - møte og konferanse,leie møterom Trondheim,Exact,,https://digilist.no/lokaler-til-leie/trondheim
NO | Lokaler - Tier 1,Trondheim - møte og konferanse,møterom til leie Trondheim,Phrase,,https://digilist.no/lokaler-til-leie/trondheim
NO | Lokaler - Tier 1,Trondheim - møte og konferanse,møterom til leie Trondheim,Exact,,https://digilist.no/lokaler-til-leie/trondheim
NO | Lokaler - Tier 1,Trondheim - møte og konferanse,møtelokale Trondheim,Phrase,,https://digilist.no/lokaler-til-leie/trondheim
NO | Lokaler - Tier 1,Trondheim - møte og konferanse,møtelokale Trondheim,Exact,,https://digilist.no/lokaler-til-leie/trondheim
NO | Lokaler - Tier 1,Trondheim - møte og konferanse,konferanselokale Trondheim,Phrase,,https://digilist.no/lokaler-til-leie/trondheim
NO | Lokaler - Tier 1,Trondheim - møte og konferanse,konferanselokale Trondheim,Exact,,https://digilist.no/lokaler-til-leie/trondheim
NO | Lokaler - Tier 1,Trondheim - møte og konferanse,konferanselokaler Trondheim,Phrase,,https://digilist.no/lokaler-til-leie/trondheim
NO | Lokaler - Tier 1,Trondheim - møte og konferanse,konferanselokaler Trondheim,Exact,,https://digilist.no/lokaler-til-leie/trondheim
NO | Lokaler - Tier 1,Trondheim - møte og konferanse,leie konferanselokale Trondheim,Phrase,,https://digilist.no/lokaler-til-leie/trondheim
NO | Lokaler - Tier 1,Trondheim - møte og konferanse,leie konferanselokale Trondheim,Exact,,https://digilist.no/lokaler-til-leie/trondheim
NO | Lokaler - Tier 1,Trondheim - møte og konferanse,kurslokale Trondheim,Phrase,,https://digilist.no/lokaler-til-leie/trondheim
NO | Lokaler - Tier 1,Trondheim - møte og konferanse,kurslokale Trondheim,Exact,,https://digilist.no/lokaler-til-leie/trondheim
NO | Lokaler - Tier 1,Oslo - lokale til leie,lokale til leie Oslo,Phrase,,https://digilist.no/lokaler-til-leie/oslo
NO | Lokaler - Tier 1,Oslo - lokale til leie,lokale til leie Oslo,Exact,,https://digilist.no/lokaler-til-leie/oslo
NO | Lokaler - Tier 1,Oslo - lokale til leie,lokaler til leie Oslo,Phrase,,https://digilist.no/lokaler-til-leie/oslo
NO | Lokaler - Tier 1,Oslo - lokale til leie,lokaler til leie Oslo,Exact,,https://digilist.no/lokaler-til-leie/oslo
NO | Lokaler - Tier 1,Oslo - lokale til leie,leie lokale Oslo,Phrase,,https://digilist.no/lokaler-til-leie/oslo
NO | Lokaler - Tier 1,Oslo - lokale til leie,leie lokale Oslo,Exact,,https://digilist.no/lokaler-til-leie/oslo
NO | Lokaler - Tier 1,Oslo - lokale til leie,leie lokaler Oslo,Phrase,,https://digilist.no/lokaler-til-leie/oslo
NO | Lokaler - Tier 1,Oslo - lokale til leie,leie lokaler Oslo,Exact,,https://digilist.no/lokaler-til-leie/oslo
NO | Lokaler - Tier 1,Oslo - lokale til leie,lokale Oslo leie,Phrase,,https://digilist.no/lokaler-til-leie/oslo
NO | Lokaler - Tier 1,Oslo - lokale til leie,lokale Oslo leie,Exact,,https://digilist.no/lokaler-til-leie/oslo
NO | Lokaler - Tier 1,Oslo - lokale til leie,utleie lokale Oslo,Phrase,,https://digilist.no/lokaler-til-leie/oslo
NO | Lokaler - Tier 1,Oslo - lokale til leie,utleie lokale Oslo,Exact,,https://digilist.no/lokaler-til-leie/oslo
NO | Lokaler - Tier 1,Oslo - selskap og fest,selskapslokale Oslo,Phrase,,https://digilist.no/lokaler-til-leie/oslo
NO | Lokaler - Tier 1,Oslo - selskap og fest,selskapslokale Oslo,Exact,,https://digilist.no/lokaler-til-leie/oslo
NO | Lokaler - Tier 1,Oslo - selskap og fest,selskapslokaler Oslo,Phrase,,https://digilist.no/lokaler-til-leie/oslo
NO | Lokaler - Tier 1,Oslo - selskap og fest,selskapslokaler Oslo,Exact,,https://digilist.no/lokaler-til-leie/oslo
NO | Lokaler - Tier 1,Oslo - selskap og fest,selskapslokale til leie Oslo,Phrase,,https://digilist.no/lokaler-til-leie/oslo
NO | Lokaler - Tier 1,Oslo - selskap og fest,selskapslokale til leie Oslo,Exact,,https://digilist.no/lokaler-til-leie/oslo
NO | Lokaler - Tier 1,Oslo - selskap og fest,leie selskapslokale Oslo,Phrase,,https://digilist.no/lokaler-til-leie/oslo
NO | Lokaler - Tier 1,Oslo - selskap og fest,leie selskapslokale Oslo,Exact,,https://digilist.no/lokaler-til-leie/oslo
NO | Lokaler - Tier 1,Oslo - selskap og fest,festlokale Oslo,Phrase,,https://digilist.no/lokaler-til-leie/oslo
NO | Lokaler - Tier 1,Oslo - selskap og fest,festlokale Oslo,Exact,,https://digilist.no/lokaler-til-leie/oslo
NO | Lokaler - Tier 1,Oslo - selskap og fest,festlokaler Oslo,Phrase,,https://digilist.no/lokaler-til-leie/oslo
NO | Lokaler - Tier 1,Oslo - selskap og fest,festlokaler Oslo,Exact,,https://digilist.no/lokaler-til-leie/oslo
NO | Lokaler - Tier 1,Oslo - selskap og fest,festlokale til leie Oslo,Phrase,,https://digilist.no/lokaler-til-leie/oslo
NO | Lokaler - Tier 1,Oslo - selskap og fest,festlokale til leie Oslo,Exact,,https://digilist.no/lokaler-til-leie/oslo
NO | Lokaler - Tier 1,Oslo - selskap og fest,leie festlokale Oslo,Phrase,,https://digilist.no/lokaler-til-leie/oslo
NO | Lokaler - Tier 1,Oslo - selskap og fest,leie festlokale Oslo,Exact,,https://digilist.no/lokaler-til-leie/oslo
NO | Lokaler - Tier 1,Oslo - selskap og fest,lokale til fest Oslo,Phrase,,https://digilist.no/lokaler-til-leie/oslo
NO | Lokaler - Tier 1,Oslo - selskap og fest,lokale til fest Oslo,Exact,,https://digilist.no/lokaler-til-leie/oslo
NO | Lokaler - Tier 1,Oslo - selskap og fest,lokale til bursdag Oslo,Phrase,,https://digilist.no/lokaler-til-leie/oslo
NO | Lokaler - Tier 1,Oslo - selskap og fest,lokale til bursdag Oslo,Exact,,https://digilist.no/lokaler-til-leie/oslo
NO | Lokaler - Tier 1,Oslo - selskap og fest,lokale til bryllup Oslo,Phrase,,https://digilist.no/lokaler-til-leie/oslo
NO | Lokaler - Tier 1,Oslo - selskap og fest,lokale til bryllup Oslo,Exact,,https://digilist.no/lokaler-til-leie/oslo
NO | Lokaler - Tier 1,Oslo - møte og konferanse,møterom Oslo,Phrase,,https://digilist.no/lokaler-til-leie/oslo
NO | Lokaler - Tier 1,Oslo - møte og konferanse,møterom Oslo,Exact,,https://digilist.no/lokaler-til-leie/oslo
NO | Lokaler - Tier 1,Oslo - møte og konferanse,leie møterom Oslo,Phrase,,https://digilist.no/lokaler-til-leie/oslo
NO | Lokaler - Tier 1,Oslo - møte og konferanse,leie møterom Oslo,Exact,,https://digilist.no/lokaler-til-leie/oslo
NO | Lokaler - Tier 1,Oslo - møte og konferanse,møterom til leie Oslo,Phrase,,https://digilist.no/lokaler-til-leie/oslo
NO | Lokaler - Tier 1,Oslo - møte og konferanse,møterom til leie Oslo,Exact,,https://digilist.no/lokaler-til-leie/oslo
NO | Lokaler - Tier 1,Oslo - møte og konferanse,møtelokale Oslo,Phrase,,https://digilist.no/lokaler-til-leie/oslo
NO | Lokaler - Tier 1,Oslo - møte og konferanse,møtelokale Oslo,Exact,,https://digilist.no/lokaler-til-leie/oslo
NO | Lokaler - Tier 1,Oslo - møte og konferanse,konferanselokale Oslo,Phrase,,https://digilist.no/lokaler-til-leie/oslo
NO | Lokaler - Tier 1,Oslo - møte og konferanse,konferanselokale Oslo,Exact,,https://digilist.no/lokaler-til-leie/oslo
NO | Lokaler - Tier 1,Oslo - møte og konferanse,konferanselokaler Oslo,Phrase,,https://digilist.no/lokaler-til-leie/oslo
NO | Lokaler - Tier 1,Oslo - møte og konferanse,konferanselokaler Oslo,Exact,,https://digilist.no/lokaler-til-leie/oslo
NO | Lokaler - Tier 1,Oslo - møte og konferanse,leie konferanselokale Oslo,Phrase,,https://digilist.no/lokaler-til-leie/oslo
NO | Lokaler - Tier 1,Oslo - møte og konferanse,leie konferanselokale Oslo,Exact,,https://digilist.no/lokaler-til-leie/oslo
NO | Lokaler - Tier 1,Oslo - møte og konferanse,kurslokale Oslo,Phrase,,https://digilist.no/lokaler-til-leie/oslo
NO | Lokaler - Tier 1,Oslo - møte og konferanse,kurslokale Oslo,Exact,,https://digilist.no/lokaler-til-leie/oslo
NO | Lokaler - Tier 1,Bærum - lokale til leie,lokale til leie Bærum,Phrase,,https://digilist.no/lokaler-til-leie/baerum
NO | Lokaler - Tier 1,Bærum - lokale til leie,lokale til leie Bærum,Exact,,https://digilist.no/lokaler-til-leie/baerum
NO | Lokaler - Tier 1,Bærum - lokale til leie,lokaler til leie Bærum,Phrase,,https://digilist.no/lokaler-til-leie/baerum
NO | Lokaler - Tier 1,Bærum - lokale til leie,lokaler til leie Bærum,Exact,,https://digilist.no/lokaler-til-leie/baerum
NO | Lokaler - Tier 1,Bærum - lokale til leie,leie lokale Bærum,Phrase,,https://digilist.no/lokaler-til-leie/baerum
NO | Lokaler - Tier 1,Bærum - lokale til leie,leie lokale Bærum,Exact,,https://digilist.no/lokaler-til-leie/baerum
NO | Lokaler - Tier 1,Bærum - lokale til leie,leie lokaler Bærum,Phrase,,https://digilist.no/lokaler-til-leie/baerum
NO | Lokaler - Tier 1,Bærum - lokale til leie,leie lokaler Bærum,Exact,,https://digilist.no/lokaler-til-leie/baerum
NO | Lokaler - Tier 1,Bærum - lokale til leie,lokale Bærum leie,Phrase,,https://digilist.no/lokaler-til-leie/baerum
NO | Lokaler - Tier 1,Bærum - lokale til leie,lokale Bærum leie,Exact,,https://digilist.no/lokaler-til-leie/baerum
NO | Lokaler - Tier 1,Bærum - lokale til leie,utleie lokale Bærum,Phrase,,https://digilist.no/lokaler-til-leie/baerum
NO | Lokaler - Tier 1,Bærum - lokale til leie,utleie lokale Bærum,Exact,,https://digilist.no/lokaler-til-leie/baerum
NO | Lokaler - Tier 1,Bærum - selskap og fest,selskapslokale Bærum,Phrase,,https://digilist.no/lokaler-til-leie/baerum
NO | Lokaler - Tier 1,Bærum - selskap og fest,selskapslokale Bærum,Exact,,https://digilist.no/lokaler-til-leie/baerum
NO | Lokaler - Tier 1,Bærum - selskap og fest,selskapslokaler Bærum,Phrase,,https://digilist.no/lokaler-til-leie/baerum
NO | Lokaler - Tier 1,Bærum - selskap og fest,selskapslokaler Bærum,Exact,,https://digilist.no/lokaler-til-leie/baerum
NO | Lokaler - Tier 1,Bærum - selskap og fest,selskapslokale til leie Bærum,Phrase,,https://digilist.no/lokaler-til-leie/baerum
NO | Lokaler - Tier 1,Bærum - selskap og fest,selskapslokale til leie Bærum,Exact,,https://digilist.no/lokaler-til-leie/baerum
NO | Lokaler - Tier 1,Bærum - selskap og fest,leie selskapslokale Bærum,Phrase,,https://digilist.no/lokaler-til-leie/baerum
NO | Lokaler - Tier 1,Bærum - selskap og fest,leie selskapslokale Bærum,Exact,,https://digilist.no/lokaler-til-leie/baerum
NO | Lokaler - Tier 1,Bærum - selskap og fest,festlokale Bærum,Phrase,,https://digilist.no/lokaler-til-leie/baerum
NO | Lokaler - Tier 1,Bærum - selskap og fest,festlokale Bærum,Exact,,https://digilist.no/lokaler-til-leie/baerum
NO | Lokaler - Tier 1,Bærum - selskap og fest,festlokaler Bærum,Phrase,,https://digilist.no/lokaler-til-leie/baerum
NO | Lokaler - Tier 1,Bærum - selskap og fest,festlokaler Bærum,Exact,,https://digilist.no/lokaler-til-leie/baerum
NO | Lokaler - Tier 1,Bærum - selskap og fest,festlokale til leie Bærum,Phrase,,https://digilist.no/lokaler-til-leie/baerum
NO | Lokaler - Tier 1,Bærum - selskap og fest,festlokale til leie Bærum,Exact,,https://digilist.no/lokaler-til-leie/baerum
NO | Lokaler - Tier 1,Bærum - selskap og fest,leie festlokale Bærum,Phrase,,https://digilist.no/lokaler-til-leie/baerum
NO | Lokaler - Tier 1,Bærum - selskap og fest,leie festlokale Bærum,Exact,,https://digilist.no/lokaler-til-leie/baerum
NO | Lokaler - Tier 1,Bærum - selskap og fest,lokale til fest Bærum,Phrase,,https://digilist.no/lokaler-til-leie/baerum
NO | Lokaler - Tier 1,Bærum - selskap og fest,lokale til fest Bærum,Exact,,https://digilist.no/lokaler-til-leie/baerum
NO | Lokaler - Tier 1,Bærum - selskap og fest,lokale til bursdag Bærum,Phrase,,https://digilist.no/lokaler-til-leie/baerum
NO | Lokaler - Tier 1,Bærum - selskap og fest,lokale til bursdag Bærum,Exact,,https://digilist.no/lokaler-til-leie/baerum
NO | Lokaler - Tier 1,Bærum - selskap og fest,lokale til bryllup Bærum,Phrase,,https://digilist.no/lokaler-til-leie/baerum
NO | Lokaler - Tier 1,Bærum - selskap og fest,lokale til bryllup Bærum,Exact,,https://digilist.no/lokaler-til-leie/baerum
NO | Lokaler - Tier 1,Bærum - møte og konferanse,møterom Bærum,Phrase,,https://digilist.no/lokaler-til-leie/baerum
NO | Lokaler - Tier 1,Bærum - møte og konferanse,møterom Bærum,Exact,,https://digilist.no/lokaler-til-leie/baerum
NO | Lokaler - Tier 1,Bærum - møte og konferanse,leie møterom Bærum,Phrase,,https://digilist.no/lokaler-til-leie/baerum
NO | Lokaler - Tier 1,Bærum - møte og konferanse,leie møterom Bærum,Exact,,https://digilist.no/lokaler-til-leie/baerum
NO | Lokaler - Tier 1,Bærum - møte og konferanse,møterom til leie Bærum,Phrase,,https://digilist.no/lokaler-til-leie/baerum
NO | Lokaler - Tier 1,Bærum - møte og konferanse,møterom til leie Bærum,Exact,,https://digilist.no/lokaler-til-leie/baerum
NO | Lokaler - Tier 1,Bærum - møte og konferanse,møtelokale Bærum,Phrase,,https://digilist.no/lokaler-til-leie/baerum
NO | Lokaler - Tier 1,Bærum - møte og konferanse,møtelokale Bærum,Exact,,https://digilist.no/lokaler-til-leie/baerum
NO | Lokaler - Tier 1,Bærum - møte og konferanse,konferanselokale Bærum,Phrase,,https://digilist.no/lokaler-til-leie/baerum
NO | Lokaler - Tier 1,Bærum - møte og konferanse,konferanselokale Bærum,Exact,,https://digilist.no/lokaler-til-leie/baerum
NO | Lokaler - Tier 1,Bærum - møte og konferanse,konferanselokaler Bærum,Phrase,,https://digilist.no/lokaler-til-leie/baerum
NO | Lokaler - Tier 1,Bærum - møte og konferanse,konferanselokaler Bærum,Exact,,https://digilist.no/lokaler-til-leie/baerum
NO | Lokaler - Tier 1,Bærum - møte og konferanse,leie konferanselokale Bærum,Phrase,,https://digilist.no/lokaler-til-leie/baerum
NO | Lokaler - Tier 1,Bærum - møte og konferanse,leie konferanselokale Bærum,Exact,,https://digilist.no/lokaler-til-leie/baerum
NO | Lokaler - Tier 1,Bærum - møte og konferanse,kurslokale Bærum,Phrase,,https://digilist.no/lokaler-til-leie/baerum
NO | Lokaler - Tier 1,Bærum - møte og konferanse,kurslokale Bærum,Exact,,https://digilist.no/lokaler-til-leie/baerum
NO | Lokaler - Tier 1,Bergen - lokale til leie,lokale til leie Bergen,Phrase,,https://digilist.no/lokaler-til-leie/bergen
NO | Lokaler - Tier 1,Bergen - lokale til leie,lokale til leie Bergen,Exact,,https://digilist.no/lokaler-til-leie/bergen
NO | Lokaler - Tier 1,Bergen - lokale til leie,lokaler til leie Bergen,Phrase,,https://digilist.no/lokaler-til-leie/bergen
NO | Lokaler - Tier 1,Bergen - lokale til leie,lokaler til leie Bergen,Exact,,https://digilist.no/lokaler-til-leie/bergen
NO | Lokaler - Tier 1,Bergen - lokale til leie,leie lokale Bergen,Phrase,,https://digilist.no/lokaler-til-leie/bergen
NO | Lokaler - Tier 1,Bergen - lokale til leie,leie lokale Bergen,Exact,,https://digilist.no/lokaler-til-leie/bergen
NO | Lokaler - Tier 1,Bergen - lokale til leie,leie lokaler Bergen,Phrase,,https://digilist.no/lokaler-til-leie/bergen
NO | Lokaler - Tier 1,Bergen - lokale til leie,leie lokaler Bergen,Exact,,https://digilist.no/lokaler-til-leie/bergen
NO | Lokaler - Tier 1,Bergen - lokale til leie,lokale Bergen leie,Phrase,,https://digilist.no/lokaler-til-leie/bergen
NO | Lokaler - Tier 1,Bergen - lokale til leie,lokale Bergen leie,Exact,,https://digilist.no/lokaler-til-leie/bergen
NO | Lokaler - Tier 1,Bergen - lokale til leie,utleie lokale Bergen,Phrase,,https://digilist.no/lokaler-til-leie/bergen
NO | Lokaler - Tier 1,Bergen - lokale til leie,utleie lokale Bergen,Exact,,https://digilist.no/lokaler-til-leie/bergen
NO | Lokaler - Tier 1,Bergen - selskap og fest,selskapslokale Bergen,Phrase,,https://digilist.no/lokaler-til-leie/bergen
NO | Lokaler - Tier 1,Bergen - selskap og fest,selskapslokale Bergen,Exact,,https://digilist.no/lokaler-til-leie/bergen
NO | Lokaler - Tier 1,Bergen - selskap og fest,selskapslokaler Bergen,Phrase,,https://digilist.no/lokaler-til-leie/bergen
NO | Lokaler - Tier 1,Bergen - selskap og fest,selskapslokaler Bergen,Exact,,https://digilist.no/lokaler-til-leie/bergen
NO | Lokaler - Tier 1,Bergen - selskap og fest,selskapslokale til leie Bergen,Phrase,,https://digilist.no/lokaler-til-leie/bergen
NO | Lokaler - Tier 1,Bergen - selskap og fest,selskapslokale til leie Bergen,Exact,,https://digilist.no/lokaler-til-leie/bergen
NO | Lokaler - Tier 1,Bergen - selskap og fest,leie selskapslokale Bergen,Phrase,,https://digilist.no/lokaler-til-leie/bergen
NO | Lokaler - Tier 1,Bergen - selskap og fest,leie selskapslokale Bergen,Exact,,https://digilist.no/lokaler-til-leie/bergen
NO | Lokaler - Tier 1,Bergen - selskap og fest,festlokale Bergen,Phrase,,https://digilist.no/lokaler-til-leie/bergen
NO | Lokaler - Tier 1,Bergen - selskap og fest,festlokale Bergen,Exact,,https://digilist.no/lokaler-til-leie/bergen
NO | Lokaler - Tier 1,Bergen - selskap og fest,festlokaler Bergen,Phrase,,https://digilist.no/lokaler-til-leie/bergen
NO | Lokaler - Tier 1,Bergen - selskap og fest,festlokaler Bergen,Exact,,https://digilist.no/lokaler-til-leie/bergen
NO | Lokaler - Tier 1,Bergen - selskap og fest,festlokale til leie Bergen,Phrase,,https://digilist.no/lokaler-til-leie/bergen
NO | Lokaler - Tier 1,Bergen - selskap og fest,festlokale til leie Bergen,Exact,,https://digilist.no/lokaler-til-leie/bergen
NO | Lokaler - Tier 1,Bergen - selskap og fest,leie festlokale Bergen,Phrase,,https://digilist.no/lokaler-til-leie/bergen
NO | Lokaler - Tier 1,Bergen - selskap og fest,leie festlokale Bergen,Exact,,https://digilist.no/lokaler-til-leie/bergen
NO | Lokaler - Tier 1,Bergen - selskap og fest,lokale til fest Bergen,Phrase,,https://digilist.no/lokaler-til-leie/bergen
NO | Lokaler - Tier 1,Bergen - selskap og fest,lokale til fest Bergen,Exact,,https://digilist.no/lokaler-til-leie/bergen
NO | Lokaler - Tier 1,Bergen - selskap og fest,lokale til bursdag Bergen,Phrase,,https://digilist.no/lokaler-til-leie/bergen
NO | Lokaler - Tier 1,Bergen - selskap og fest,lokale til bursdag Bergen,Exact,,https://digilist.no/lokaler-til-leie/bergen
NO | Lokaler - Tier 1,Bergen - selskap og fest,lokale til bryllup Bergen,Phrase,,https://digilist.no/lokaler-til-leie/bergen
NO | Lokaler - Tier 1,Bergen - selskap og fest,lokale til bryllup Bergen,Exact,,https://digilist.no/lokaler-til-leie/bergen
NO | Lokaler - Tier 1,Bergen - møte og konferanse,møterom Bergen,Phrase,,https://digilist.no/lokaler-til-leie/bergen
NO | Lokaler - Tier 1,Bergen - møte og konferanse,møterom Bergen,Exact,,https://digilist.no/lokaler-til-leie/bergen
NO | Lokaler - Tier 1,Bergen - møte og konferanse,leie møterom Bergen,Phrase,,https://digilist.no/lokaler-til-leie/bergen
NO | Lokaler - Tier 1,Bergen - møte og konferanse,leie møterom Bergen,Exact,,https://digilist.no/lokaler-til-leie/bergen
NO | Lokaler - Tier 1,Bergen - møte og konferanse,møterom til leie Bergen,Phrase,,https://digilist.no/lokaler-til-leie/bergen
NO | Lokaler - Tier 1,Bergen - møte og konferanse,møterom til leie Bergen,Exact,,https://digilist.no/lokaler-til-leie/bergen
NO | Lokaler - Tier 1,Bergen - møte og konferanse,møtelokale Bergen,Phrase,,https://digilist.no/lokaler-til-leie/bergen
NO | Lokaler - Tier 1,Bergen - møte og konferanse,møtelokale Bergen,Exact,,https://digilist.no/lokaler-til-leie/bergen
NO | Lokaler - Tier 1,Bergen - møte og konferanse,konferanselokale Bergen,Phrase,,https://digilist.no/lokaler-til-leie/bergen
NO | Lokaler - Tier 1,Bergen - møte og konferanse,konferanselokale Bergen,Exact,,https://digilist.no/lokaler-til-leie/bergen
NO | Lokaler - Tier 1,Bergen - møte og konferanse,konferanselokaler Bergen,Phrase,,https://digilist.no/lokaler-til-leie/bergen
NO | Lokaler - Tier 1,Bergen - møte og konferanse,konferanselokaler Bergen,Exact,,https://digilist.no/lokaler-til-leie/bergen
NO | Lokaler - Tier 1,Bergen - møte og konferanse,leie konferanselokale Bergen,Phrase,,https://digilist.no/lokaler-til-leie/bergen
NO | Lokaler - Tier 1,Bergen - møte og konferanse,leie konferanselokale Bergen,Exact,,https://digilist.no/lokaler-til-leie/bergen
NO | Lokaler - Tier 1,Bergen - møte og konferanse,kurslokale Bergen,Phrase,,https://digilist.no/lokaler-til-leie/bergen
NO | Lokaler - Tier 1,Bergen - møte og konferanse,kurslokale Bergen,Exact,,https://digilist.no/lokaler-til-leie/bergen
NO | Lokaler - Tier 2,Drammen - lokale til leie,lokale til leie Drammen,Phrase,,https://digilist.no/lokaler-til-leie/drammen
NO | Lokaler - Tier 2,Drammen - lokale til leie,lokale til leie Drammen,Exact,,https://digilist.no/lokaler-til-leie/drammen
NO | Lokaler - Tier 2,Drammen - lokale til leie,lokaler til leie Drammen,Phrase,,https://digilist.no/lokaler-til-leie/drammen
NO | Lokaler - Tier 2,Drammen - lokale til leie,lokaler til leie Drammen,Exact,,https://digilist.no/lokaler-til-leie/drammen
NO | Lokaler - Tier 2,Drammen - lokale til leie,leie lokale Drammen,Phrase,,https://digilist.no/lokaler-til-leie/drammen
NO | Lokaler - Tier 2,Drammen - lokale til leie,leie lokale Drammen,Exact,,https://digilist.no/lokaler-til-leie/drammen
NO | Lokaler - Tier 2,Drammen - lokale til leie,leie lokaler Drammen,Phrase,,https://digilist.no/lokaler-til-leie/drammen
NO | Lokaler - Tier 2,Drammen - lokale til leie,leie lokaler Drammen,Exact,,https://digilist.no/lokaler-til-leie/drammen
NO | Lokaler - Tier 2,Drammen - lokale til leie,lokale Drammen leie,Phrase,,https://digilist.no/lokaler-til-leie/drammen
NO | Lokaler - Tier 2,Drammen - lokale til leie,lokale Drammen leie,Exact,,https://digilist.no/lokaler-til-leie/drammen
NO | Lokaler - Tier 2,Drammen - lokale til leie,utleie lokale Drammen,Phrase,,https://digilist.no/lokaler-til-leie/drammen
NO | Lokaler - Tier 2,Drammen - lokale til leie,utleie lokale Drammen,Exact,,https://digilist.no/lokaler-til-leie/drammen
NO | Lokaler - Tier 2,Drammen - selskap og fest,selskapslokale Drammen,Phrase,,https://digilist.no/lokaler-til-leie/drammen
NO | Lokaler - Tier 2,Drammen - selskap og fest,selskapslokale Drammen,Exact,,https://digilist.no/lokaler-til-leie/drammen
NO | Lokaler - Tier 2,Drammen - selskap og fest,selskapslokaler Drammen,Phrase,,https://digilist.no/lokaler-til-leie/drammen
NO | Lokaler - Tier 2,Drammen - selskap og fest,selskapslokaler Drammen,Exact,,https://digilist.no/lokaler-til-leie/drammen
NO | Lokaler - Tier 2,Drammen - selskap og fest,selskapslokale til leie Drammen,Phrase,,https://digilist.no/lokaler-til-leie/drammen
NO | Lokaler - Tier 2,Drammen - selskap og fest,selskapslokale til leie Drammen,Exact,,https://digilist.no/lokaler-til-leie/drammen
NO | Lokaler - Tier 2,Drammen - selskap og fest,leie selskapslokale Drammen,Phrase,,https://digilist.no/lokaler-til-leie/drammen
NO | Lokaler - Tier 2,Drammen - selskap og fest,leie selskapslokale Drammen,Exact,,https://digilist.no/lokaler-til-leie/drammen
NO | Lokaler - Tier 2,Drammen - selskap og fest,festlokale Drammen,Phrase,,https://digilist.no/lokaler-til-leie/drammen
NO | Lokaler - Tier 2,Drammen - selskap og fest,festlokale Drammen,Exact,,https://digilist.no/lokaler-til-leie/drammen
NO | Lokaler - Tier 2,Drammen - selskap og fest,festlokaler Drammen,Phrase,,https://digilist.no/lokaler-til-leie/drammen
NO | Lokaler - Tier 2,Drammen - selskap og fest,festlokaler Drammen,Exact,,https://digilist.no/lokaler-til-leie/drammen
NO | Lokaler - Tier 2,Drammen - selskap og fest,festlokale til leie Drammen,Phrase,,https://digilist.no/lokaler-til-leie/drammen
NO | Lokaler - Tier 2,Drammen - selskap og fest,festlokale til leie Drammen,Exact,,https://digilist.no/lokaler-til-leie/drammen
NO | Lokaler - Tier 2,Drammen - selskap og fest,leie festlokale Drammen,Phrase,,https://digilist.no/lokaler-til-leie/drammen
NO | Lokaler - Tier 2,Drammen - selskap og fest,leie festlokale Drammen,Exact,,https://digilist.no/lokaler-til-leie/drammen
NO | Lokaler - Tier 2,Drammen - selskap og fest,lokale til fest Drammen,Phrase,,https://digilist.no/lokaler-til-leie/drammen
NO | Lokaler - Tier 2,Drammen - selskap og fest,lokale til fest Drammen,Exact,,https://digilist.no/lokaler-til-leie/drammen
NO | Lokaler - Tier 2,Drammen - selskap og fest,lokale til bursdag Drammen,Phrase,,https://digilist.no/lokaler-til-leie/drammen
NO | Lokaler - Tier 2,Drammen - selskap og fest,lokale til bursdag Drammen,Exact,,https://digilist.no/lokaler-til-leie/drammen
NO | Lokaler - Tier 2,Drammen - selskap og fest,lokale til bryllup Drammen,Phrase,,https://digilist.no/lokaler-til-leie/drammen
NO | Lokaler - Tier 2,Drammen - selskap og fest,lokale til bryllup Drammen,Exact,,https://digilist.no/lokaler-til-leie/drammen
NO | Lokaler - Tier 2,Kristiansand - lokale til leie,lokale til leie Kristiansand,Phrase,,https://digilist.no/lokaler-til-leie/kristiansand
NO | Lokaler - Tier 2,Kristiansand - lokale til leie,lokale til leie Kristiansand,Exact,,https://digilist.no/lokaler-til-leie/kristiansand
NO | Lokaler - Tier 2,Kristiansand - lokale til leie,lokaler til leie Kristiansand,Phrase,,https://digilist.no/lokaler-til-leie/kristiansand
NO | Lokaler - Tier 2,Kristiansand - lokale til leie,lokaler til leie Kristiansand,Exact,,https://digilist.no/lokaler-til-leie/kristiansand
NO | Lokaler - Tier 2,Kristiansand - lokale til leie,leie lokale Kristiansand,Phrase,,https://digilist.no/lokaler-til-leie/kristiansand
NO | Lokaler - Tier 2,Kristiansand - lokale til leie,leie lokale Kristiansand,Exact,,https://digilist.no/lokaler-til-leie/kristiansand
NO | Lokaler - Tier 2,Kristiansand - lokale til leie,leie lokaler Kristiansand,Phrase,,https://digilist.no/lokaler-til-leie/kristiansand
NO | Lokaler - Tier 2,Kristiansand - lokale til leie,leie lokaler Kristiansand,Exact,,https://digilist.no/lokaler-til-leie/kristiansand
NO | Lokaler - Tier 2,Kristiansand - lokale til leie,lokale Kristiansand leie,Phrase,,https://digilist.no/lokaler-til-leie/kristiansand
NO | Lokaler - Tier 2,Kristiansand - lokale til leie,lokale Kristiansand leie,Exact,,https://digilist.no/lokaler-til-leie/kristiansand
NO | Lokaler - Tier 2,Kristiansand - lokale til leie,utleie lokale Kristiansand,Phrase,,https://digilist.no/lokaler-til-leie/kristiansand
NO | Lokaler - Tier 2,Kristiansand - lokale til leie,utleie lokale Kristiansand,Exact,,https://digilist.no/lokaler-til-leie/kristiansand
NO | Lokaler - Tier 2,Kristiansand - selskap og fest,selskapslokale Kristiansand,Phrase,,https://digilist.no/lokaler-til-leie/kristiansand
NO | Lokaler - Tier 2,Kristiansand - selskap og fest,selskapslokale Kristiansand,Exact,,https://digilist.no/lokaler-til-leie/kristiansand
NO | Lokaler - Tier 2,Kristiansand - selskap og fest,selskapslokaler Kristiansand,Phrase,,https://digilist.no/lokaler-til-leie/kristiansand
NO | Lokaler - Tier 2,Kristiansand - selskap og fest,selskapslokaler Kristiansand,Exact,,https://digilist.no/lokaler-til-leie/kristiansand
NO | Lokaler - Tier 2,Kristiansand - selskap og fest,selskapslokale til leie Kristiansand,Phrase,,https://digilist.no/lokaler-til-leie/kristiansand
NO | Lokaler - Tier 2,Kristiansand - selskap og fest,selskapslokale til leie Kristiansand,Exact,,https://digilist.no/lokaler-til-leie/kristiansand
NO | Lokaler - Tier 2,Kristiansand - selskap og fest,leie selskapslokale Kristiansand,Phrase,,https://digilist.no/lokaler-til-leie/kristiansand
NO | Lokaler - Tier 2,Kristiansand - selskap og fest,leie selskapslokale Kristiansand,Exact,,https://digilist.no/lokaler-til-leie/kristiansand
NO | Lokaler - Tier 2,Kristiansand - selskap og fest,festlokale Kristiansand,Phrase,,https://digilist.no/lokaler-til-leie/kristiansand
NO | Lokaler - Tier 2,Kristiansand - selskap og fest,festlokale Kristiansand,Exact,,https://digilist.no/lokaler-til-leie/kristiansand
NO | Lokaler - Tier 2,Kristiansand - selskap og fest,festlokaler Kristiansand,Phrase,,https://digilist.no/lokaler-til-leie/kristiansand
NO | Lokaler - Tier 2,Kristiansand - selskap og fest,festlokaler Kristiansand,Exact,,https://digilist.no/lokaler-til-leie/kristiansand
NO | Lokaler - Tier 2,Kristiansand - selskap og fest,festlokale til leie Kristiansand,Phrase,,https://digilist.no/lokaler-til-leie/kristiansand
NO | Lokaler - Tier 2,Kristiansand - selskap og fest,festlokale til leie Kristiansand,Exact,,https://digilist.no/lokaler-til-leie/kristiansand
NO | Lokaler - Tier 2,Kristiansand - selskap og fest,leie festlokale Kristiansand,Phrase,,https://digilist.no/lokaler-til-leie/kristiansand
NO | Lokaler - Tier 2,Kristiansand - selskap og fest,leie festlokale Kristiansand,Exact,,https://digilist.no/lokaler-til-leie/kristiansand
NO | Lokaler - Tier 2,Kristiansand - selskap og fest,lokale til fest Kristiansand,Phrase,,https://digilist.no/lokaler-til-leie/kristiansand
NO | Lokaler - Tier 2,Kristiansand - selskap og fest,lokale til fest Kristiansand,Exact,,https://digilist.no/lokaler-til-leie/kristiansand
NO | Lokaler - Tier 2,Kristiansand - selskap og fest,lokale til bursdag Kristiansand,Phrase,,https://digilist.no/lokaler-til-leie/kristiansand
NO | Lokaler - Tier 2,Kristiansand - selskap og fest,lokale til bursdag Kristiansand,Exact,,https://digilist.no/lokaler-til-leie/kristiansand
NO | Lokaler - Tier 2,Kristiansand - selskap og fest,lokale til bryllup Kristiansand,Phrase,,https://digilist.no/lokaler-til-leie/kristiansand
NO | Lokaler - Tier 2,Kristiansand - selskap og fest,lokale til bryllup Kristiansand,Exact,,https://digilist.no/lokaler-til-leie/kristiansand
NO | Lokaler - Tier 2,Sandnes - lokale til leie,lokale til leie Sandnes,Phrase,,https://digilist.no/lokaler-til-leie/sandnes
NO | Lokaler - Tier 2,Sandnes - lokale til leie,lokale til leie Sandnes,Exact,,https://digilist.no/lokaler-til-leie/sandnes
NO | Lokaler - Tier 2,Sandnes - lokale til leie,lokaler til leie Sandnes,Phrase,,https://digilist.no/lokaler-til-leie/sandnes
NO | Lokaler - Tier 2,Sandnes - lokale til leie,lokaler til leie Sandnes,Exact,,https://digilist.no/lokaler-til-leie/sandnes
NO | Lokaler - Tier 2,Sandnes - lokale til leie,leie lokale Sandnes,Phrase,,https://digilist.no/lokaler-til-leie/sandnes
NO | Lokaler - Tier 2,Sandnes - lokale til leie,leie lokale Sandnes,Exact,,https://digilist.no/lokaler-til-leie/sandnes
NO | Lokaler - Tier 2,Sandnes - lokale til leie,leie lokaler Sandnes,Phrase,,https://digilist.no/lokaler-til-leie/sandnes
NO | Lokaler - Tier 2,Sandnes - lokale til leie,leie lokaler Sandnes,Exact,,https://digilist.no/lokaler-til-leie/sandnes
NO | Lokaler - Tier 2,Sandnes - lokale til leie,lokale Sandnes leie,Phrase,,https://digilist.no/lokaler-til-leie/sandnes
NO | Lokaler - Tier 2,Sandnes - lokale til leie,lokale Sandnes leie,Exact,,https://digilist.no/lokaler-til-leie/sandnes
NO | Lokaler - Tier 2,Sandnes - lokale til leie,utleie lokale Sandnes,Phrase,,https://digilist.no/lokaler-til-leie/sandnes
NO | Lokaler - Tier 2,Sandnes - lokale til leie,utleie lokale Sandnes,Exact,,https://digilist.no/lokaler-til-leie/sandnes
NO | Lokaler - Tier 2,Sandnes - selskap og fest,selskapslokale Sandnes,Phrase,,https://digilist.no/lokaler-til-leie/sandnes
NO | Lokaler - Tier 2,Sandnes - selskap og fest,selskapslokale Sandnes,Exact,,https://digilist.no/lokaler-til-leie/sandnes
NO | Lokaler - Tier 2,Sandnes - selskap og fest,selskapslokaler Sandnes,Phrase,,https://digilist.no/lokaler-til-leie/sandnes
NO | Lokaler - Tier 2,Sandnes - selskap og fest,selskapslokaler Sandnes,Exact,,https://digilist.no/lokaler-til-leie/sandnes
NO | Lokaler - Tier 2,Sandnes - selskap og fest,selskapslokale til leie Sandnes,Phrase,,https://digilist.no/lokaler-til-leie/sandnes
NO | Lokaler - Tier 2,Sandnes - selskap og fest,selskapslokale til leie Sandnes,Exact,,https://digilist.no/lokaler-til-leie/sandnes
NO | Lokaler - Tier 2,Sandnes - selskap og fest,leie selskapslokale Sandnes,Phrase,,https://digilist.no/lokaler-til-leie/sandnes
NO | Lokaler - Tier 2,Sandnes - selskap og fest,leie selskapslokale Sandnes,Exact,,https://digilist.no/lokaler-til-leie/sandnes
NO | Lokaler - Tier 2,Sandnes - selskap og fest,festlokale Sandnes,Phrase,,https://digilist.no/lokaler-til-leie/sandnes
NO | Lokaler - Tier 2,Sandnes - selskap og fest,festlokale Sandnes,Exact,,https://digilist.no/lokaler-til-leie/sandnes
NO | Lokaler - Tier 2,Sandnes - selskap og fest,festlokaler Sandnes,Phrase,,https://digilist.no/lokaler-til-leie/sandnes
NO | Lokaler - Tier 2,Sandnes - selskap og fest,festlokaler Sandnes,Exact,,https://digilist.no/lokaler-til-leie/sandnes
NO | Lokaler - Tier 2,Sandnes - selskap og fest,festlokale til leie Sandnes,Phrase,,https://digilist.no/lokaler-til-leie/sandnes
NO | Lokaler - Tier 2,Sandnes - selskap og fest,festlokale til leie Sandnes,Exact,,https://digilist.no/lokaler-til-leie/sandnes
NO | Lokaler - Tier 2,Sandnes - selskap og fest,leie festlokale Sandnes,Phrase,,https://digilist.no/lokaler-til-leie/sandnes
NO | Lokaler - Tier 2,Sandnes - selskap og fest,leie festlokale Sandnes,Exact,,https://digilist.no/lokaler-til-leie/sandnes
NO | Lokaler - Tier 2,Sandnes - selskap og fest,lokale til fest Sandnes,Phrase,,https://digilist.no/lokaler-til-leie/sandnes
NO | Lokaler - Tier 2,Sandnes - selskap og fest,lokale til fest Sandnes,Exact,,https://digilist.no/lokaler-til-leie/sandnes
NO | Lokaler - Tier 2,Sandnes - selskap og fest,lokale til bursdag Sandnes,Phrase,,https://digilist.no/lokaler-til-leie/sandnes
NO | Lokaler - Tier 2,Sandnes - selskap og fest,lokale til bursdag Sandnes,Exact,,https://digilist.no/lokaler-til-leie/sandnes
NO | Lokaler - Tier 2,Sandnes - selskap og fest,lokale til bryllup Sandnes,Phrase,,https://digilist.no/lokaler-til-leie/sandnes
NO | Lokaler - Tier 2,Sandnes - selskap og fest,lokale til bryllup Sandnes,Exact,,https://digilist.no/lokaler-til-leie/sandnes
NO | Lokaler - Tier 2,Sarpsborg - lokale til leie,lokale til leie Sarpsborg,Phrase,,https://digilist.no/lokaler-til-leie/sarpsborg
NO | Lokaler - Tier 2,Sarpsborg - lokale til leie,lokale til leie Sarpsborg,Exact,,https://digilist.no/lokaler-til-leie/sarpsborg
NO | Lokaler - Tier 2,Sarpsborg - lokale til leie,lokaler til leie Sarpsborg,Phrase,,https://digilist.no/lokaler-til-leie/sarpsborg
NO | Lokaler - Tier 2,Sarpsborg - lokale til leie,lokaler til leie Sarpsborg,Exact,,https://digilist.no/lokaler-til-leie/sarpsborg
NO | Lokaler - Tier 2,Sarpsborg - lokale til leie,leie lokale Sarpsborg,Phrase,,https://digilist.no/lokaler-til-leie/sarpsborg
NO | Lokaler - Tier 2,Sarpsborg - lokale til leie,leie lokale Sarpsborg,Exact,,https://digilist.no/lokaler-til-leie/sarpsborg
NO | Lokaler - Tier 2,Sarpsborg - lokale til leie,leie lokaler Sarpsborg,Phrase,,https://digilist.no/lokaler-til-leie/sarpsborg
NO | Lokaler - Tier 2,Sarpsborg - lokale til leie,leie lokaler Sarpsborg,Exact,,https://digilist.no/lokaler-til-leie/sarpsborg
NO | Lokaler - Tier 2,Sarpsborg - lokale til leie,lokale Sarpsborg leie,Phrase,,https://digilist.no/lokaler-til-leie/sarpsborg
NO | Lokaler - Tier 2,Sarpsborg - lokale til leie,lokale Sarpsborg leie,Exact,,https://digilist.no/lokaler-til-leie/sarpsborg
NO | Lokaler - Tier 2,Sarpsborg - lokale til leie,utleie lokale Sarpsborg,Phrase,,https://digilist.no/lokaler-til-leie/sarpsborg
NO | Lokaler - Tier 2,Sarpsborg - lokale til leie,utleie lokale Sarpsborg,Exact,,https://digilist.no/lokaler-til-leie/sarpsborg
NO | Lokaler - Tier 2,Sarpsborg - selskap og fest,selskapslokale Sarpsborg,Phrase,,https://digilist.no/lokaler-til-leie/sarpsborg
NO | Lokaler - Tier 2,Sarpsborg - selskap og fest,selskapslokale Sarpsborg,Exact,,https://digilist.no/lokaler-til-leie/sarpsborg
NO | Lokaler - Tier 2,Sarpsborg - selskap og fest,selskapslokaler Sarpsborg,Phrase,,https://digilist.no/lokaler-til-leie/sarpsborg
NO | Lokaler - Tier 2,Sarpsborg - selskap og fest,selskapslokaler Sarpsborg,Exact,,https://digilist.no/lokaler-til-leie/sarpsborg
NO | Lokaler - Tier 2,Sarpsborg - selskap og fest,selskapslokale til leie Sarpsborg,Phrase,,https://digilist.no/lokaler-til-leie/sarpsborg
NO | Lokaler - Tier 2,Sarpsborg - selskap og fest,selskapslokale til leie Sarpsborg,Exact,,https://digilist.no/lokaler-til-leie/sarpsborg
NO | Lokaler - Tier 2,Sarpsborg - selskap og fest,leie selskapslokale Sarpsborg,Phrase,,https://digilist.no/lokaler-til-leie/sarpsborg
NO | Lokaler - Tier 2,Sarpsborg - selskap og fest,leie selskapslokale Sarpsborg,Exact,,https://digilist.no/lokaler-til-leie/sarpsborg
NO | Lokaler - Tier 2,Sarpsborg - selskap og fest,festlokale Sarpsborg,Phrase,,https://digilist.no/lokaler-til-leie/sarpsborg
NO | Lokaler - Tier 2,Sarpsborg - selskap og fest,festlokale Sarpsborg,Exact,,https://digilist.no/lokaler-til-leie/sarpsborg
NO | Lokaler - Tier 2,Sarpsborg - selskap og fest,festlokaler Sarpsborg,Phrase,,https://digilist.no/lokaler-til-leie/sarpsborg
NO | Lokaler - Tier 2,Sarpsborg - selskap og fest,festlokaler Sarpsborg,Exact,,https://digilist.no/lokaler-til-leie/sarpsborg
NO | Lokaler - Tier 2,Sarpsborg - selskap og fest,festlokale til leie Sarpsborg,Phrase,,https://digilist.no/lokaler-til-leie/sarpsborg
NO | Lokaler - Tier 2,Sarpsborg - selskap og fest,festlokale til leie Sarpsborg,Exact,,https://digilist.no/lokaler-til-leie/sarpsborg
NO | Lokaler - Tier 2,Sarpsborg - selskap og fest,leie festlokale Sarpsborg,Phrase,,https://digilist.no/lokaler-til-leie/sarpsborg
NO | Lokaler - Tier 2,Sarpsborg - selskap og fest,leie festlokale Sarpsborg,Exact,,https://digilist.no/lokaler-til-leie/sarpsborg
NO | Lokaler - Tier 2,Sarpsborg - selskap og fest,lokale til fest Sarpsborg,Phrase,,https://digilist.no/lokaler-til-leie/sarpsborg
NO | Lokaler - Tier 2,Sarpsborg - selskap og fest,lokale til fest Sarpsborg,Exact,,https://digilist.no/lokaler-til-leie/sarpsborg
NO | Lokaler - Tier 2,Sarpsborg - selskap og fest,lokale til bursdag Sarpsborg,Phrase,,https://digilist.no/lokaler-til-leie/sarpsborg
NO | Lokaler - Tier 2,Sarpsborg - selskap og fest,lokale til bursdag Sarpsborg,Exact,,https://digilist.no/lokaler-til-leie/sarpsborg
NO | Lokaler - Tier 2,Sarpsborg - selskap og fest,lokale til bryllup Sarpsborg,Phrase,,https://digilist.no/lokaler-til-leie/sarpsborg
NO | Lokaler - Tier 2,Sarpsborg - selskap og fest,lokale til bryllup Sarpsborg,Exact,,https://digilist.no/lokaler-til-leie/sarpsborg
NO | Lokaler - Tier 2,Fredrikstad - lokale til leie,lokale til leie Fredrikstad,Phrase,,https://digilist.no/lokaler-til-leie/fredrikstad
NO | Lokaler - Tier 2,Fredrikstad - lokale til leie,lokale til leie Fredrikstad,Exact,,https://digilist.no/lokaler-til-leie/fredrikstad
NO | Lokaler - Tier 2,Fredrikstad - lokale til leie,lokaler til leie Fredrikstad,Phrase,,https://digilist.no/lokaler-til-leie/fredrikstad
NO | Lokaler - Tier 2,Fredrikstad - lokale til leie,lokaler til leie Fredrikstad,Exact,,https://digilist.no/lokaler-til-leie/fredrikstad
NO | Lokaler - Tier 2,Fredrikstad - lokale til leie,leie lokale Fredrikstad,Phrase,,https://digilist.no/lokaler-til-leie/fredrikstad
NO | Lokaler - Tier 2,Fredrikstad - lokale til leie,leie lokale Fredrikstad,Exact,,https://digilist.no/lokaler-til-leie/fredrikstad
NO | Lokaler - Tier 2,Fredrikstad - lokale til leie,leie lokaler Fredrikstad,Phrase,,https://digilist.no/lokaler-til-leie/fredrikstad
NO | Lokaler - Tier 2,Fredrikstad - lokale til leie,leie lokaler Fredrikstad,Exact,,https://digilist.no/lokaler-til-leie/fredrikstad
NO | Lokaler - Tier 2,Fredrikstad - lokale til leie,lokale Fredrikstad leie,Phrase,,https://digilist.no/lokaler-til-leie/fredrikstad
NO | Lokaler - Tier 2,Fredrikstad - lokale til leie,lokale Fredrikstad leie,Exact,,https://digilist.no/lokaler-til-leie/fredrikstad
NO | Lokaler - Tier 2,Fredrikstad - lokale til leie,utleie lokale Fredrikstad,Phrase,,https://digilist.no/lokaler-til-leie/fredrikstad
NO | Lokaler - Tier 2,Fredrikstad - lokale til leie,utleie lokale Fredrikstad,Exact,,https://digilist.no/lokaler-til-leie/fredrikstad
NO | Lokaler - Tier 2,Fredrikstad - selskap og fest,selskapslokale Fredrikstad,Phrase,,https://digilist.no/lokaler-til-leie/fredrikstad
NO | Lokaler - Tier 2,Fredrikstad - selskap og fest,selskapslokale Fredrikstad,Exact,,https://digilist.no/lokaler-til-leie/fredrikstad
NO | Lokaler - Tier 2,Fredrikstad - selskap og fest,selskapslokaler Fredrikstad,Phrase,,https://digilist.no/lokaler-til-leie/fredrikstad
NO | Lokaler - Tier 2,Fredrikstad - selskap og fest,selskapslokaler Fredrikstad,Exact,,https://digilist.no/lokaler-til-leie/fredrikstad
NO | Lokaler - Tier 2,Fredrikstad - selskap og fest,selskapslokale til leie Fredrikstad,Phrase,,https://digilist.no/lokaler-til-leie/fredrikstad
NO | Lokaler - Tier 2,Fredrikstad - selskap og fest,selskapslokale til leie Fredrikstad,Exact,,https://digilist.no/lokaler-til-leie/fredrikstad
NO | Lokaler - Tier 2,Fredrikstad - selskap og fest,leie selskapslokale Fredrikstad,Phrase,,https://digilist.no/lokaler-til-leie/fredrikstad
NO | Lokaler - Tier 2,Fredrikstad - selskap og fest,leie selskapslokale Fredrikstad,Exact,,https://digilist.no/lokaler-til-leie/fredrikstad
NO | Lokaler - Tier 2,Fredrikstad - selskap og fest,festlokale Fredrikstad,Phrase,,https://digilist.no/lokaler-til-leie/fredrikstad
NO | Lokaler - Tier 2,Fredrikstad - selskap og fest,festlokale Fredrikstad,Exact,,https://digilist.no/lokaler-til-leie/fredrikstad
NO | Lokaler - Tier 2,Fredrikstad - selskap og fest,festlokaler Fredrikstad,Phrase,,https://digilist.no/lokaler-til-leie/fredrikstad
NO | Lokaler - Tier 2,Fredrikstad - selskap og fest,festlokaler Fredrikstad,Exact,,https://digilist.no/lokaler-til-leie/fredrikstad
NO | Lokaler - Tier 2,Fredrikstad - selskap og fest,festlokale til leie Fredrikstad,Phrase,,https://digilist.no/lokaler-til-leie/fredrikstad
NO | Lokaler - Tier 2,Fredrikstad - selskap og fest,festlokale til leie Fredrikstad,Exact,,https://digilist.no/lokaler-til-leie/fredrikstad
NO | Lokaler - Tier 2,Fredrikstad - selskap og fest,leie festlokale Fredrikstad,Phrase,,https://digilist.no/lokaler-til-leie/fredrikstad
NO | Lokaler - Tier 2,Fredrikstad - selskap og fest,leie festlokale Fredrikstad,Exact,,https://digilist.no/lokaler-til-leie/fredrikstad
NO | Lokaler - Tier 2,Fredrikstad - selskap og fest,lokale til fest Fredrikstad,Phrase,,https://digilist.no/lokaler-til-leie/fredrikstad
NO | Lokaler - Tier 2,Fredrikstad - selskap og fest,lokale til fest Fredrikstad,Exact,,https://digilist.no/lokaler-til-leie/fredrikstad
NO | Lokaler - Tier 2,Fredrikstad - selskap og fest,lokale til bursdag Fredrikstad,Phrase,,https://digilist.no/lokaler-til-leie/fredrikstad
NO | Lokaler - Tier 2,Fredrikstad - selskap og fest,lokale til bursdag Fredrikstad,Exact,,https://digilist.no/lokaler-til-leie/fredrikstad
NO | Lokaler - Tier 2,Fredrikstad - selskap og fest,lokale til bryllup Fredrikstad,Phrase,,https://digilist.no/lokaler-til-leie/fredrikstad
NO | Lokaler - Tier 2,Fredrikstad - selskap og fest,lokale til bryllup Fredrikstad,Exact,,https://digilist.no/lokaler-til-leie/fredrikstad
NO | Lokaler - Tier 3,Tønsberg - lokale til leie,lokale til leie Tønsberg,Phrase,,https://digilist.no/lokaler-til-leie/tonsberg
NO | Lokaler - Tier 3,Tønsberg - lokale til leie,lokaler til leie Tønsberg,Phrase,,https://digilist.no/lokaler-til-leie/tonsberg
NO | Lokaler - Tier 3,Tønsberg - lokale til leie,leie lokale Tønsberg,Phrase,,https://digilist.no/lokaler-til-leie/tonsberg
NO | Lokaler - Tier 3,Tønsberg - lokale til leie,leie lokaler Tønsberg,Phrase,,https://digilist.no/lokaler-til-leie/tonsberg
NO | Lokaler - Tier 3,Tønsberg - lokale til leie,lokale Tønsberg leie,Phrase,,https://digilist.no/lokaler-til-leie/tonsberg
NO | Lokaler - Tier 3,Tønsberg - lokale til leie,utleie lokale Tønsberg,Phrase,,https://digilist.no/lokaler-til-leie/tonsberg
NO | Lokaler - Tier 3,Tønsberg - selskap og fest,selskapslokale Tønsberg,Phrase,,https://digilist.no/lokaler-til-leie/tonsberg
NO | Lokaler - Tier 3,Tønsberg - selskap og fest,selskapslokaler Tønsberg,Phrase,,https://digilist.no/lokaler-til-leie/tonsberg
NO | Lokaler - Tier 3,Tønsberg - selskap og fest,selskapslokale til leie Tønsberg,Phrase,,https://digilist.no/lokaler-til-leie/tonsberg
NO | Lokaler - Tier 3,Tønsberg - selskap og fest,leie selskapslokale Tønsberg,Phrase,,https://digilist.no/lokaler-til-leie/tonsberg
NO | Lokaler - Tier 3,Tønsberg - selskap og fest,festlokale Tønsberg,Phrase,,https://digilist.no/lokaler-til-leie/tonsberg
NO | Lokaler - Tier 3,Tønsberg - selskap og fest,festlokaler Tønsberg,Phrase,,https://digilist.no/lokaler-til-leie/tonsberg
NO | Lokaler - Tier 3,Tønsberg - selskap og fest,festlokale til leie Tønsberg,Phrase,,https://digilist.no/lokaler-til-leie/tonsberg
NO | Lokaler - Tier 3,Tønsberg - selskap og fest,leie festlokale Tønsberg,Phrase,,https://digilist.no/lokaler-til-leie/tonsberg
NO | Lokaler - Tier 3,Tønsberg - selskap og fest,lokale til fest Tønsberg,Phrase,,https://digilist.no/lokaler-til-leie/tonsberg
NO | Lokaler - Tier 3,Tønsberg - selskap og fest,lokale til bursdag Tønsberg,Phrase,,https://digilist.no/lokaler-til-leie/tonsberg
NO | Lokaler - Tier 3,Tønsberg - selskap og fest,lokale til bryllup Tønsberg,Phrase,,https://digilist.no/lokaler-til-leie/tonsberg
NO | Lokaler - Tier 3,Bodø - lokale til leie,lokale til leie Bodø,Phrase,,https://digilist.no/lokaler-til-leie/bodo
NO | Lokaler - Tier 3,Bodø - lokale til leie,lokaler til leie Bodø,Phrase,,https://digilist.no/lokaler-til-leie/bodo
NO | Lokaler - Tier 3,Bodø - lokale til leie,leie lokale Bodø,Phrase,,https://digilist.no/lokaler-til-leie/bodo
NO | Lokaler - Tier 3,Bodø - lokale til leie,leie lokaler Bodø,Phrase,,https://digilist.no/lokaler-til-leie/bodo
NO | Lokaler - Tier 3,Bodø - lokale til leie,lokale Bodø leie,Phrase,,https://digilist.no/lokaler-til-leie/bodo
NO | Lokaler - Tier 3,Bodø - lokale til leie,utleie lokale Bodø,Phrase,,https://digilist.no/lokaler-til-leie/bodo
NO | Lokaler - Tier 3,Bodø - selskap og fest,selskapslokale Bodø,Phrase,,https://digilist.no/lokaler-til-leie/bodo
NO | Lokaler - Tier 3,Bodø - selskap og fest,selskapslokaler Bodø,Phrase,,https://digilist.no/lokaler-til-leie/bodo
NO | Lokaler - Tier 3,Bodø - selskap og fest,selskapslokale til leie Bodø,Phrase,,https://digilist.no/lokaler-til-leie/bodo
NO | Lokaler - Tier 3,Bodø - selskap og fest,leie selskapslokale Bodø,Phrase,,https://digilist.no/lokaler-til-leie/bodo
NO | Lokaler - Tier 3,Bodø - selskap og fest,festlokale Bodø,Phrase,,https://digilist.no/lokaler-til-leie/bodo
NO | Lokaler - Tier 3,Bodø - selskap og fest,festlokaler Bodø,Phrase,,https://digilist.no/lokaler-til-leie/bodo
NO | Lokaler - Tier 3,Bodø - selskap og fest,festlokale til leie Bodø,Phrase,,https://digilist.no/lokaler-til-leie/bodo
NO | Lokaler - Tier 3,Bodø - selskap og fest,leie festlokale Bodø,Phrase,,https://digilist.no/lokaler-til-leie/bodo
NO | Lokaler - Tier 3,Bodø - selskap og fest,lokale til fest Bodø,Phrase,,https://digilist.no/lokaler-til-leie/bodo
NO | Lokaler - Tier 3,Bodø - selskap og fest,lokale til bursdag Bodø,Phrase,,https://digilist.no/lokaler-til-leie/bodo
NO | Lokaler - Tier 3,Bodø - selskap og fest,lokale til bryllup Bodø,Phrase,,https://digilist.no/lokaler-til-leie/bodo
NO | Lokaler - Tier 3,Tromsø - lokale til leie,lokale til leie Tromsø,Phrase,,https://digilist.no/lokaler-til-leie/tromso
NO | Lokaler - Tier 3,Tromsø - lokale til leie,lokaler til leie Tromsø,Phrase,,https://digilist.no/lokaler-til-leie/tromso
NO | Lokaler - Tier 3,Tromsø - lokale til leie,leie lokale Tromsø,Phrase,,https://digilist.no/lokaler-til-leie/tromso
NO | Lokaler - Tier 3,Tromsø - lokale til leie,leie lokaler Tromsø,Phrase,,https://digilist.no/lokaler-til-leie/tromso
NO | Lokaler - Tier 3,Tromsø - lokale til leie,lokale Tromsø leie,Phrase,,https://digilist.no/lokaler-til-leie/tromso
NO | Lokaler - Tier 3,Tromsø - lokale til leie,utleie lokale Tromsø,Phrase,,https://digilist.no/lokaler-til-leie/tromso
NO | Lokaler - Tier 3,Tromsø - selskap og fest,selskapslokale Tromsø,Phrase,,https://digilist.no/lokaler-til-leie/tromso
NO | Lokaler - Tier 3,Tromsø - selskap og fest,selskapslokaler Tromsø,Phrase,,https://digilist.no/lokaler-til-leie/tromso
NO | Lokaler - Tier 3,Tromsø - selskap og fest,selskapslokale til leie Tromsø,Phrase,,https://digilist.no/lokaler-til-leie/tromso
NO | Lokaler - Tier 3,Tromsø - selskap og fest,leie selskapslokale Tromsø,Phrase,,https://digilist.no/lokaler-til-leie/tromso
NO | Lokaler - Tier 3,Tromsø - selskap og fest,festlokale Tromsø,Phrase,,https://digilist.no/lokaler-til-leie/tromso
NO | Lokaler - Tier 3,Tromsø - selskap og fest,festlokaler Tromsø,Phrase,,https://digilist.no/lokaler-til-leie/tromso
NO | Lokaler - Tier 3,Tromsø - selskap og fest,festlokale til leie Tromsø,Phrase,,https://digilist.no/lokaler-til-leie/tromso
NO | Lokaler - Tier 3,Tromsø - selskap og fest,leie festlokale Tromsø,Phrase,,https://digilist.no/lokaler-til-leie/tromso
NO | Lokaler - Tier 3,Tromsø - selskap og fest,lokale til fest Tromsø,Phrase,,https://digilist.no/lokaler-til-leie/tromso
NO | Lokaler - Tier 3,Tromsø - selskap og fest,lokale til bursdag Tromsø,Phrase,,https://digilist.no/lokaler-til-leie/tromso
NO | Lokaler - Tier 3,Tromsø - selskap og fest,lokale til bryllup Tromsø,Phrase,,https://digilist.no/lokaler-til-leie/tromso
NO | Lokaler - Tier 3,Haugesund - lokale til leie,lokale til leie Haugesund,Phrase,,https://digilist.no/lokaler-til-leie/haugesund
NO | Lokaler - Tier 3,Haugesund - lokale til leie,lokaler til leie Haugesund,Phrase,,https://digilist.no/lokaler-til-leie/haugesund
NO | Lokaler - Tier 3,Haugesund - lokale til leie,leie lokale Haugesund,Phrase,,https://digilist.no/lokaler-til-leie/haugesund
NO | Lokaler - Tier 3,Haugesund - lokale til leie,leie lokaler Haugesund,Phrase,,https://digilist.no/lokaler-til-leie/haugesund
NO | Lokaler - Tier 3,Haugesund - lokale til leie,lokale Haugesund leie,Phrase,,https://digilist.no/lokaler-til-leie/haugesund
NO | Lokaler - Tier 3,Haugesund - lokale til leie,utleie lokale Haugesund,Phrase,,https://digilist.no/lokaler-til-leie/haugesund
NO | Lokaler - Tier 3,Haugesund - selskap og fest,selskapslokale Haugesund,Phrase,,https://digilist.no/lokaler-til-leie/haugesund
NO | Lokaler - Tier 3,Haugesund - selskap og fest,selskapslokaler Haugesund,Phrase,,https://digilist.no/lokaler-til-leie/haugesund
NO | Lokaler - Tier 3,Haugesund - selskap og fest,selskapslokale til leie Haugesund,Phrase,,https://digilist.no/lokaler-til-leie/haugesund
NO | Lokaler - Tier 3,Haugesund - selskap og fest,leie selskapslokale Haugesund,Phrase,,https://digilist.no/lokaler-til-leie/haugesund
NO | Lokaler - Tier 3,Haugesund - selskap og fest,festlokale Haugesund,Phrase,,https://digilist.no/lokaler-til-leie/haugesund
NO | Lokaler - Tier 3,Haugesund - selskap og fest,festlokaler Haugesund,Phrase,,https://digilist.no/lokaler-til-leie/haugesund
NO | Lokaler - Tier 3,Haugesund - selskap og fest,festlokale til leie Haugesund,Phrase,,https://digilist.no/lokaler-til-leie/haugesund
NO | Lokaler - Tier 3,Haugesund - selskap og fest,leie festlokale Haugesund,Phrase,,https://digilist.no/lokaler-til-leie/haugesund
NO | Lokaler - Tier 3,Haugesund - selskap og fest,lokale til fest Haugesund,Phrase,,https://digilist.no/lokaler-til-leie/haugesund
NO | Lokaler - Tier 3,Haugesund - selskap og fest,lokale til bursdag Haugesund,Phrase,,https://digilist.no/lokaler-til-leie/haugesund
NO | Lokaler - Tier 3,Haugesund - selskap og fest,lokale til bryllup Haugesund,Phrase,,https://digilist.no/lokaler-til-leie/haugesund
NO | Lokaler - Tier 3,Sandefjord - lokale til leie,lokale til leie Sandefjord,Phrase,,https://digilist.no/lokaler-til-leie/sandefjord
NO | Lokaler - Tier 3,Sandefjord - lokale til leie,lokaler til leie Sandefjord,Phrase,,https://digilist.no/lokaler-til-leie/sandefjord
NO | Lokaler - Tier 3,Sandefjord - lokale til leie,leie lokale Sandefjord,Phrase,,https://digilist.no/lokaler-til-leie/sandefjord
NO | Lokaler - Tier 3,Sandefjord - lokale til leie,leie lokaler Sandefjord,Phrase,,https://digilist.no/lokaler-til-leie/sandefjord
NO | Lokaler - Tier 3,Sandefjord - lokale til leie,lokale Sandefjord leie,Phrase,,https://digilist.no/lokaler-til-leie/sandefjord
NO | Lokaler - Tier 3,Sandefjord - lokale til leie,utleie lokale Sandefjord,Phrase,,https://digilist.no/lokaler-til-leie/sandefjord
NO | Lokaler - Tier 3,Sandefjord - selskap og fest,selskapslokale Sandefjord,Phrase,,https://digilist.no/lokaler-til-leie/sandefjord
NO | Lokaler - Tier 3,Sandefjord - selskap og fest,selskapslokaler Sandefjord,Phrase,,https://digilist.no/lokaler-til-leie/sandefjord
NO | Lokaler - Tier 3,Sandefjord - selskap og fest,selskapslokale til leie Sandefjord,Phrase,,https://digilist.no/lokaler-til-leie/sandefjord
NO | Lokaler - Tier 3,Sandefjord - selskap og fest,leie selskapslokale Sandefjord,Phrase,,https://digilist.no/lokaler-til-leie/sandefjord
NO | Lokaler - Tier 3,Sandefjord - selskap og fest,festlokale Sandefjord,Phrase,,https://digilist.no/lokaler-til-leie/sandefjord
NO | Lokaler - Tier 3,Sandefjord - selskap og fest,festlokaler Sandefjord,Phrase,,https://digilist.no/lokaler-til-leie/sandefjord
NO | Lokaler - Tier 3,Sandefjord - selskap og fest,festlokale til leie Sandefjord,Phrase,,https://digilist.no/lokaler-til-leie/sandefjord
NO | Lokaler - Tier 3,Sandefjord - selskap og fest,leie festlokale Sandefjord,Phrase,,https://digilist.no/lokaler-til-leie/sandefjord
NO | Lokaler - Tier 3,Sandefjord - selskap og fest,lokale til fest Sandefjord,Phrase,,https://digilist.no/lokaler-til-leie/sandefjord
NO | Lokaler - Tier 3,Sandefjord - selskap og fest,lokale til bursdag Sandefjord,Phrase,,https://digilist.no/lokaler-til-leie/sandefjord
NO | Lokaler - Tier 3,Sandefjord - selskap og fest,lokale til bryllup Sandefjord,Phrase,,https://digilist.no/lokaler-til-leie/sandefjord
NO | Lokaler - Tier 3,Ålesund - lokale til leie,lokale til leie Ålesund,Phrase,,https://digilist.no/lokaler-til-leie/alesund
NO | Lokaler - Tier 3,Ålesund - lokale til leie,lokaler til leie Ålesund,Phrase,,https://digilist.no/lokaler-til-leie/alesund
NO | Lokaler - Tier 3,Ålesund - lokale til leie,leie lokale Ålesund,Phrase,,https://digilist.no/lokaler-til-leie/alesund
NO | Lokaler - Tier 3,Ålesund - lokale til leie,leie lokaler Ålesund,Phrase,,https://digilist.no/lokaler-til-leie/alesund
NO | Lokaler - Tier 3,Ålesund - lokale til leie,lokale Ålesund leie,Phrase,,https://digilist.no/lokaler-til-leie/alesund
NO | Lokaler - Tier 3,Ålesund - lokale til leie,utleie lokale Ålesund,Phrase,,https://digilist.no/lokaler-til-leie/alesund
NO | Lokaler - Tier 3,Ålesund - selskap og fest,selskapslokale Ålesund,Phrase,,https://digilist.no/lokaler-til-leie/alesund
NO | Lokaler - Tier 3,Ålesund - selskap og fest,selskapslokaler Ålesund,Phrase,,https://digilist.no/lokaler-til-leie/alesund
NO | Lokaler - Tier 3,Ålesund - selskap og fest,selskapslokale til leie Ålesund,Phrase,,https://digilist.no/lokaler-til-leie/alesund
NO | Lokaler - Tier 3,Ålesund - selskap og fest,leie selskapslokale Ålesund,Phrase,,https://digilist.no/lokaler-til-leie/alesund
NO | Lokaler - Tier 3,Ålesund - selskap og fest,festlokale Ålesund,Phrase,,https://digilist.no/lokaler-til-leie/alesund
NO | Lokaler - Tier 3,Ålesund - selskap og fest,festlokaler Ålesund,Phrase,,https://digilist.no/lokaler-til-leie/alesund
NO | Lokaler - Tier 3,Ålesund - selskap og fest,festlokale til leie Ålesund,Phrase,,https://digilist.no/lokaler-til-leie/alesund
NO | Lokaler - Tier 3,Ålesund - selskap og fest,leie festlokale Ålesund,Phrase,,https://digilist.no/lokaler-til-leie/alesund
NO | Lokaler - Tier 3,Ålesund - selskap og fest,lokale til fest Ålesund,Phrase,,https://digilist.no/lokaler-til-leie/alesund
NO | Lokaler - Tier 3,Ålesund - selskap og fest,lokale til bursdag Ålesund,Phrase,,https://digilist.no/lokaler-til-leie/alesund
NO | Lokaler - Tier 3,Ålesund - selskap og fest,lokale til bryllup Ålesund,Phrase,,https://digilist.no/lokaler-til-leie/alesund
NO | Lokaler - Tier 3,Stavanger - lokale til leie,lokale til leie Stavanger,Phrase,,https://digilist.no/lokaler-til-leie/stavanger
NO | Lokaler - Tier 3,Stavanger - lokale til leie,lokaler til leie Stavanger,Phrase,,https://digilist.no/lokaler-til-leie/stavanger
NO | Lokaler - Tier 3,Stavanger - lokale til leie,leie lokale Stavanger,Phrase,,https://digilist.no/lokaler-til-leie/stavanger
NO | Lokaler - Tier 3,Stavanger - lokale til leie,leie lokaler Stavanger,Phrase,,https://digilist.no/lokaler-til-leie/stavanger
NO | Lokaler - Tier 3,Stavanger - lokale til leie,lokale Stavanger leie,Phrase,,https://digilist.no/lokaler-til-leie/stavanger
NO | Lokaler - Tier 3,Stavanger - lokale til leie,utleie lokale Stavanger,Phrase,,https://digilist.no/lokaler-til-leie/stavanger
NO | Lokaler - Tier 3,Stavanger - selskap og fest,selskapslokale Stavanger,Phrase,,https://digilist.no/lokaler-til-leie/stavanger
NO | Lokaler - Tier 3,Stavanger - selskap og fest,selskapslokaler Stavanger,Phrase,,https://digilist.no/lokaler-til-leie/stavanger
NO | Lokaler - Tier 3,Stavanger - selskap og fest,selskapslokale til leie Stavanger,Phrase,,https://digilist.no/lokaler-til-leie/stavanger
NO | Lokaler - Tier 3,Stavanger - selskap og fest,leie selskapslokale Stavanger,Phrase,,https://digilist.no/lokaler-til-leie/stavanger
NO | Lokaler - Tier 3,Stavanger - selskap og fest,festlokale Stavanger,Phrase,,https://digilist.no/lokaler-til-leie/stavanger
NO | Lokaler - Tier 3,Stavanger - selskap og fest,festlokaler Stavanger,Phrase,,https://digilist.no/lokaler-til-leie/stavanger
NO | Lokaler - Tier 3,Stavanger - selskap og fest,festlokale til leie Stavanger,Phrase,,https://digilist.no/lokaler-til-leie/stavanger
NO | Lokaler - Tier 3,Stavanger - selskap og fest,leie festlokale Stavanger,Phrase,,https://digilist.no/lokaler-til-leie/stavanger
NO | Lokaler - Tier 3,Stavanger - selskap og fest,lokale til fest Stavanger,Phrase,,https://digilist.no/lokaler-til-leie/stavanger
NO | Lokaler - Tier 3,Stavanger - selskap og fest,lokale til bursdag Stavanger,Phrase,,https://digilist.no/lokaler-til-leie/stavanger
NO | Lokaler - Tier 3,Stavanger - selskap og fest,lokale til bryllup Stavanger,Phrase,,https://digilist.no/lokaler-til-leie/stavanger
NO | Lokaler - Tier 1,,jobb,Campaign Negative Phrase,,
NO | Lokaler - Tier 1,,ledig stilling,Campaign Negative Phrase,,
NO | Lokaler - Tier 1,,stilling,Campaign Negative Phrase,,
NO | Lokaler - Tier 1,,karriere,Campaign Negative Phrase,,
NO | Lokaler - Tier 1,,lønn,Campaign Negative Phrase,,
NO | Lokaler - Tier 1,,praksisplass,Campaign Negative Phrase,,
NO | Lokaler - Tier 1,,kjøpe,Campaign Negative Phrase,,
NO | Lokaler - Tier 1,,til salgs,Campaign Negative Phrase,,
NO | Lokaler - Tier 1,,selges,Campaign Negative Phrase,,
NO | Lokaler - Tier 1,,salg av,Campaign Negative Phrase,,
NO | Lokaler - Tier 1,,takst,Campaign Negative Phrase,,
NO | Lokaler - Tier 1,,gratis,Campaign Negative Phrase,,
NO | Lokaler - Tier 1,,leilighet,Campaign Negative Phrase,,
NO | Lokaler - Tier 1,,hybel,Campaign Negative Phrase,,
NO | Lokaler - Tier 1,,bolig,Campaign Negative Phrase,,
NO | Lokaler - Tier 1,,enebolig,Campaign Negative Phrase,,
NO | Lokaler - Tier 1,,hus til leie,Campaign Negative Phrase,,
NO | Lokaler - Tier 1,,rom til leie,Campaign Negative Phrase,,
NO | Lokaler - Tier 1,,husleie,Campaign Negative Phrase,,
NO | Lokaler - Tier 1,,borettslag,Campaign Negative Phrase,,
NO | Lokaler - Tier 1,,studentbolig,Campaign Negative Phrase,,
NO | Lokaler - Tier 1,,finn.no bolig,Campaign Negative Phrase,,
NO | Lokaler - Tier 1,,airbnb,Campaign Negative Phrase,,
NO | Lokaler - Tier 1,,lagerlokale,Campaign Negative Phrase,,
NO | Lokaler - Tier 1,,lagerplass,Campaign Negative Phrase,,
NO | Lokaler - Tier 1,,container,Campaign Negative Phrase,,
NO | Lokaler - Tier 1,,garasje,Campaign Negative Phrase,,
NO | Lokaler - Tier 1,,parkeringsplass,Campaign Negative Phrase,,
NO | Lokaler - Tier 1,,bobil,Campaign Negative Phrase,,
NO | Lokaler - Tier 1,,campingvogn,Campaign Negative Phrase,,
NO | Lokaler - Tier 1,,varebil,Campaign Negative Phrase,,
NO | Lokaler - Tier 1,,tomt til leie,Campaign Negative Phrase,,
NO | Lokaler - Tier 1,,bookingsystem,Campaign Negative Phrase,,
NO | Lokaler - Tier 1,,booking system,Campaign Negative Phrase,,
NO | Lokaler - Tier 1,,programvare,Campaign Negative Phrase,,
NO | Lokaler - Tier 1,,software,Campaign Negative Phrase,,
NO | Lokaler - Tier 1,,leverandør,Campaign Negative Phrase,,
NO | Lokaler - Tier 1,,anbud,Campaign Negative Phrase,,
NO | Lokaler - Tier 1,,doffin,Campaign Negative Phrase,,
NO | Lokaler - Tier 1,,wikipedia,Campaign Negative Phrase,,
NO | Lokaler - Tier 1,,hva betyr,Campaign Negative Phrase,,
NO | Lokaler - Tier 1,,definisjon,Campaign Negative Phrase,,
NO | Lokaler - Tier 2,,jobb,Campaign Negative Phrase,,
NO | Lokaler - Tier 2,,ledig stilling,Campaign Negative Phrase,,
NO | Lokaler - Tier 2,,stilling,Campaign Negative Phrase,,
NO | Lokaler - Tier 2,,karriere,Campaign Negative Phrase,,
NO | Lokaler - Tier 2,,lønn,Campaign Negative Phrase,,
NO | Lokaler - Tier 2,,praksisplass,Campaign Negative Phrase,,
NO | Lokaler - Tier 2,,kjøpe,Campaign Negative Phrase,,
NO | Lokaler - Tier 2,,til salgs,Campaign Negative Phrase,,
NO | Lokaler - Tier 2,,selges,Campaign Negative Phrase,,
NO | Lokaler - Tier 2,,salg av,Campaign Negative Phrase,,
NO | Lokaler - Tier 2,,takst,Campaign Negative Phrase,,
NO | Lokaler - Tier 2,,gratis,Campaign Negative Phrase,,
NO | Lokaler - Tier 2,,leilighet,Campaign Negative Phrase,,
NO | Lokaler - Tier 2,,hybel,Campaign Negative Phrase,,
NO | Lokaler - Tier 2,,bolig,Campaign Negative Phrase,,
NO | Lokaler - Tier 2,,enebolig,Campaign Negative Phrase,,
NO | Lokaler - Tier 2,,hus til leie,Campaign Negative Phrase,,
NO | Lokaler - Tier 2,,rom til leie,Campaign Negative Phrase,,
NO | Lokaler - Tier 2,,husleie,Campaign Negative Phrase,,
NO | Lokaler - Tier 2,,borettslag,Campaign Negative Phrase,,
NO | Lokaler - Tier 2,,studentbolig,Campaign Negative Phrase,,
NO | Lokaler - Tier 2,,finn.no bolig,Campaign Negative Phrase,,
NO | Lokaler - Tier 2,,airbnb,Campaign Negative Phrase,,
NO | Lokaler - Tier 2,,lagerlokale,Campaign Negative Phrase,,
NO | Lokaler - Tier 2,,lagerplass,Campaign Negative Phrase,,
NO | Lokaler - Tier 2,,container,Campaign Negative Phrase,,
NO | Lokaler - Tier 2,,garasje,Campaign Negative Phrase,,
NO | Lokaler - Tier 2,,parkeringsplass,Campaign Negative Phrase,,
NO | Lokaler - Tier 2,,bobil,Campaign Negative Phrase,,
NO | Lokaler - Tier 2,,campingvogn,Campaign Negative Phrase,,
NO | Lokaler - Tier 2,,varebil,Campaign Negative Phrase,,
NO | Lokaler - Tier 2,,tomt til leie,Campaign Negative Phrase,,
NO | Lokaler - Tier 2,,bookingsystem,Campaign Negative Phrase,,
NO | Lokaler - Tier 2,,booking system,Campaign Negative Phrase,,
NO | Lokaler - Tier 2,,programvare,Campaign Negative Phrase,,
NO | Lokaler - Tier 2,,software,Campaign Negative Phrase,,
NO | Lokaler - Tier 2,,leverandør,Campaign Negative Phrase,,
NO | Lokaler - Tier 2,,anbud,Campaign Negative Phrase,,
NO | Lokaler - Tier 2,,doffin,Campaign Negative Phrase,,
NO | Lokaler - Tier 2,,wikipedia,Campaign Negative Phrase,,
NO | Lokaler - Tier 2,,hva betyr,Campaign Negative Phrase,,
NO | Lokaler - Tier 2,,definisjon,Campaign Negative Phrase,,
NO | Lokaler - Tier 3,,jobb,Campaign Negative Phrase,,
NO | Lokaler - Tier 3,,ledig stilling,Campaign Negative Phrase,,
NO | Lokaler - Tier 3,,stilling,Campaign Negative Phrase,,
NO | Lokaler - Tier 3,,karriere,Campaign Negative Phrase,,
NO | Lokaler - Tier 3,,lønn,Campaign Negative Phrase,,
NO | Lokaler - Tier 3,,praksisplass,Campaign Negative Phrase,,
NO | Lokaler - Tier 3,,kjøpe,Campaign Negative Phrase,,
NO | Lokaler - Tier 3,,til salgs,Campaign Negative Phrase,,
NO | Lokaler - Tier 3,,selges,Campaign Negative Phrase,,
NO | Lokaler - Tier 3,,salg av,Campaign Negative Phrase,,
NO | Lokaler - Tier 3,,takst,Campaign Negative Phrase,,
NO | Lokaler - Tier 3,,gratis,Campaign Negative Phrase,,
NO | Lokaler - Tier 3,,leilighet,Campaign Negative Phrase,,
NO | Lokaler - Tier 3,,hybel,Campaign Negative Phrase,,
NO | Lokaler - Tier 3,,bolig,Campaign Negative Phrase,,
NO | Lokaler - Tier 3,,enebolig,Campaign Negative Phrase,,
NO | Lokaler - Tier 3,,hus til leie,Campaign Negative Phrase,,
NO | Lokaler - Tier 3,,rom til leie,Campaign Negative Phrase,,
NO | Lokaler - Tier 3,,husleie,Campaign Negative Phrase,,
NO | Lokaler - Tier 3,,borettslag,Campaign Negative Phrase,,
NO | Lokaler - Tier 3,,studentbolig,Campaign Negative Phrase,,
NO | Lokaler - Tier 3,,finn.no bolig,Campaign Negative Phrase,,
NO | Lokaler - Tier 3,,airbnb,Campaign Negative Phrase,,
NO | Lokaler - Tier 3,,lagerlokale,Campaign Negative Phrase,,
NO | Lokaler - Tier 3,,lagerplass,Campaign Negative Phrase,,
NO | Lokaler - Tier 3,,container,Campaign Negative Phrase,,
NO | Lokaler - Tier 3,,garasje,Campaign Negative Phrase,,
NO | Lokaler - Tier 3,,parkeringsplass,Campaign Negative Phrase,,
NO | Lokaler - Tier 3,,bobil,Campaign Negative Phrase,,
NO | Lokaler - Tier 3,,campingvogn,Campaign Negative Phrase,,
NO | Lokaler - Tier 3,,varebil,Campaign Negative Phrase,,
NO | Lokaler - Tier 3,,tomt til leie,Campaign Negative Phrase,,
NO | Lokaler - Tier 3,,bookingsystem,Campaign Negative Phrase,,
NO | Lokaler - Tier 3,,booking system,Campaign Negative Phrase,,
NO | Lokaler - Tier 3,,programvare,Campaign Negative Phrase,,
NO | Lokaler - Tier 3,,software,Campaign Negative Phrase,,
NO | Lokaler - Tier 3,,leverandør,Campaign Negative Phrase,,
NO | Lokaler - Tier 3,,anbud,Campaign Negative Phrase,,
NO | Lokaler - Tier 3,,doffin,Campaign Negative Phrase,,
NO | Lokaler - Tier 3,,wikipedia,Campaign Negative Phrase,,
NO | Lokaler - Tier 3,,hva betyr,Campaign Negative Phrase,,
NO | Lokaler - Tier 3,,definisjon,Campaign Negative Phrase,,
NO | Lokaltype og anledning,Selskap & fest,selskapslokale,Phrase,,https://digilist.no/leie/selskapslokale
NO | Lokaltype og anledning,Selskap & fest,selskapslokale,Exact,,https://digilist.no/leie/selskapslokale
NO | Lokaltype og anledning,Selskap & fest,selskapslokaler,Phrase,,https://digilist.no/leie/selskapslokale
NO | Lokaltype og anledning,Selskap & fest,selskapslokaler,Exact,,https://digilist.no/leie/selskapslokale
NO | Lokaltype og anledning,Selskap & fest,selskapslokale til leie,Phrase,,https://digilist.no/leie/selskapslokale
NO | Lokaltype og anledning,Selskap & fest,selskapslokale til leie,Exact,,https://digilist.no/leie/selskapslokale
NO | Lokaltype og anledning,Selskap & fest,leie selskapslokale,Phrase,,https://digilist.no/leie/selskapslokale
NO | Lokaltype og anledning,Selskap & fest,leie selskapslokale,Exact,,https://digilist.no/leie/selskapslokale
NO | Lokaltype og anledning,Selskap & fest,festlokale,Phrase,,https://digilist.no/leie/selskapslokale
NO | Lokaltype og anledning,Selskap & fest,festlokale,Exact,,https://digilist.no/leie/selskapslokale
NO | Lokaltype og anledning,Selskap & fest,festlokaler,Phrase,,https://digilist.no/leie/selskapslokale
NO | Lokaltype og anledning,Selskap & fest,festlokaler,Exact,,https://digilist.no/leie/selskapslokale
NO | Lokaltype og anledning,Selskap & fest,festlokale til leie,Phrase,,https://digilist.no/leie/selskapslokale
NO | Lokaltype og anledning,Selskap & fest,festlokale til leie,Exact,,https://digilist.no/leie/selskapslokale
NO | Lokaltype og anledning,Selskap & fest,leie festlokale,Phrase,,https://digilist.no/leie/selskapslokale
NO | Lokaltype og anledning,Selskap & fest,leie festlokale,Exact,,https://digilist.no/leie/selskapslokale
NO | Lokaltype og anledning,Selskap & fest,lokale til fest,Phrase,,https://digilist.no/leie/selskapslokale
NO | Lokaltype og anledning,Selskap & fest,lokale til fest,Exact,,https://digilist.no/leie/selskapslokale
NO | Lokaltype og anledning,Selskap & fest,leie lokale til fest,Phrase,,https://digilist.no/leie/selskapslokale
NO | Lokaltype og anledning,Selskap & fest,leie lokale til fest,Exact,,https://digilist.no/leie/selskapslokale
NO | Lokaltype og anledning,Bryllup,bryllupslokale,Phrase,,https://digilist.no/leie/gaard
NO | Lokaltype og anledning,Bryllup,bryllupslokale,Exact,,https://digilist.no/leie/gaard
NO | Lokaltype og anledning,Bryllup,bryllupslokaler,Phrase,,https://digilist.no/leie/gaard
NO | Lokaltype og anledning,Bryllup,bryllupslokaler,Exact,,https://digilist.no/leie/gaard
NO | Lokaltype og anledning,Bryllup,lokale til bryllup,Phrase,,https://digilist.no/leie/gaard
NO | Lokaltype og anledning,Bryllup,lokale til bryllup,Exact,,https://digilist.no/leie/gaard
NO | Lokaltype og anledning,Bryllup,leie lokale til bryllup,Phrase,,https://digilist.no/leie/gaard
NO | Lokaltype og anledning,Bryllup,leie lokale til bryllup,Exact,,https://digilist.no/leie/gaard
NO | Lokaltype og anledning,Bryllup,gårdsbryllup,Phrase,,https://digilist.no/leie/gaard
NO | Lokaltype og anledning,Bryllup,gårdsbryllup,Exact,,https://digilist.no/leie/gaard
NO | Lokaltype og anledning,Bryllup,låve til bryllup,Phrase,,https://digilist.no/leie/gaard
NO | Lokaltype og anledning,Bryllup,låve til bryllup,Exact,,https://digilist.no/leie/gaard
NO | Lokaltype og anledning,Bryllup,gård til leie bryllup,Phrase,,https://digilist.no/leie/gaard
NO | Lokaltype og anledning,Bryllup,gård til leie bryllup,Exact,,https://digilist.no/leie/gaard
NO | Lokaltype og anledning,Bryllup,bryllupslokale til leie,Phrase,,https://digilist.no/leie/gaard
NO | Lokaltype og anledning,Bryllup,bryllupslokale til leie,Exact,,https://digilist.no/leie/gaard
NO | Lokaltype og anledning,Bursdag,bursdagslokale,Phrase,,https://digilist.no/leie/bursdagslokale
NO | Lokaltype og anledning,Bursdag,bursdagslokale,Exact,,https://digilist.no/leie/bursdagslokale
NO | Lokaltype og anledning,Bursdag,lokale til bursdag,Phrase,,https://digilist.no/leie/bursdagslokale
NO | Lokaltype og anledning,Bursdag,lokale til bursdag,Exact,,https://digilist.no/leie/bursdagslokale
NO | Lokaltype og anledning,Bursdag,leie lokale til bursdag,Phrase,,https://digilist.no/leie/bursdagslokale
NO | Lokaltype og anledning,Bursdag,leie lokale til bursdag,Exact,,https://digilist.no/leie/bursdagslokale
NO | Lokaltype og anledning,Bursdag,barnebursdag lokale,Phrase,,https://digilist.no/leie/bursdagslokale
NO | Lokaltype og anledning,Bursdag,barnebursdag lokale,Exact,,https://digilist.no/leie/bursdagslokale
NO | Lokaltype og anledning,Bursdag,lokale til barnebursdag,Phrase,,https://digilist.no/leie/bursdagslokale
NO | Lokaltype og anledning,Bursdag,lokale til barnebursdag,Exact,,https://digilist.no/leie/bursdagslokale
NO | Lokaltype og anledning,Bursdag,bursdagsfeiring lokale,Phrase,,https://digilist.no/leie/bursdagslokale
NO | Lokaltype og anledning,Bursdag,bursdagsfeiring lokale,Exact,,https://digilist.no/leie/bursdagslokale
NO | Lokaltype og anledning,Bursdag,leie lokale til barnebursdag,Phrase,,https://digilist.no/leie/bursdagslokale
NO | Lokaltype og anledning,Bursdag,leie lokale til barnebursdag,Exact,,https://digilist.no/leie/bursdagslokale
NO | Lokaltype og anledning,Konfirmasjon,konfirmasjonslokale,Phrase,,https://digilist.no/leie/konfirmasjonslokale
NO | Lokaltype og anledning,Konfirmasjon,konfirmasjonslokale,Exact,,https://digilist.no/leie/konfirmasjonslokale
NO | Lokaltype og anledning,Konfirmasjon,lokale til konfirmasjon,Phrase,,https://digilist.no/leie/konfirmasjonslokale
NO | Lokaltype og anledning,Konfirmasjon,lokale til konfirmasjon,Exact,,https://digilist.no/leie/konfirmasjonslokale
NO | Lokaltype og anledning,Konfirmasjon,leie lokale til konfirmasjon,Phrase,,https://digilist.no/leie/konfirmasjonslokale
NO | Lokaltype og anledning,Konfirmasjon,leie lokale til konfirmasjon,Exact,,https://digilist.no/leie/konfirmasjonslokale
NO | Lokaltype og anledning,Konfirmasjon,konfirmasjonsselskap lokale,Phrase,,https://digilist.no/leie/konfirmasjonslokale
NO | Lokaltype og anledning,Konfirmasjon,konfirmasjonsselskap lokale,Exact,,https://digilist.no/leie/konfirmasjonslokale
NO | Lokaltype og anledning,Dåp,lokale til dåp,Phrase,,https://digilist.no/leie/daap
NO | Lokaltype og anledning,Dåp,lokale til dåp,Exact,,https://digilist.no/leie/daap
NO | Lokaltype og anledning,Dåp,leie lokale til dåp,Phrase,,https://digilist.no/leie/daap
NO | Lokaltype og anledning,Dåp,leie lokale til dåp,Exact,,https://digilist.no/leie/daap
NO | Lokaltype og anledning,Dåp,dåpsselskap lokale,Phrase,,https://digilist.no/leie/daap
NO | Lokaltype og anledning,Dåp,dåpsselskap lokale,Exact,,https://digilist.no/leie/daap
NO | Lokaltype og anledning,Jubileum,jubileumslokale,Phrase,,https://digilist.no/leie/jubileum
NO | Lokaltype og anledning,Jubileum,jubileumslokale,Exact,,https://digilist.no/leie/jubileum
NO | Lokaltype og anledning,Jubileum,lokale til jubileum,Phrase,,https://digilist.no/leie/jubileum
NO | Lokaltype og anledning,Jubileum,lokale til jubileum,Exact,,https://digilist.no/leie/jubileum
NO | Lokaltype og anledning,Jubileum,leie lokale til jubileum,Phrase,,https://digilist.no/leie/jubileum
NO | Lokaltype og anledning,Jubileum,leie lokale til jubileum,Exact,,https://digilist.no/leie/jubileum
NO | Lokaltype og anledning,Firmafest & julebord,lokale til firmafest,Phrase,,https://digilist.no/leie/firmafest
NO | Lokaltype og anledning,Firmafest & julebord,lokale til firmafest,Exact,,https://digilist.no/leie/firmafest
NO | Lokaltype og anledning,Firmafest & julebord,firmafest lokale,Phrase,,https://digilist.no/leie/firmafest
NO | Lokaltype og anledning,Firmafest & julebord,firmafest lokale,Exact,,https://digilist.no/leie/firmafest
NO | Lokaltype og anledning,Firmafest & julebord,julebordlokale,Phrase,,https://digilist.no/leie/firmafest
NO | Lokaltype og anledning,Firmafest & julebord,julebordlokale,Exact,,https://digilist.no/leie/firmafest
NO | Lokaltype og anledning,Firmafest & julebord,lokale til julebord,Phrase,,https://digilist.no/leie/firmafest
NO | Lokaltype og anledning,Firmafest & julebord,lokale til julebord,Exact,,https://digilist.no/leie/firmafest
NO | Lokaltype og anledning,Firmafest & julebord,leie lokale til julebord,Phrase,,https://digilist.no/leie/firmafest
NO | Lokaltype og anledning,Firmafest & julebord,leie lokale til julebord,Exact,,https://digilist.no/leie/firmafest
NO | Lokaltype og anledning,Firmafest & julebord,leie lokale til firmafest,Phrase,,https://digilist.no/leie/firmafest
NO | Lokaltype og anledning,Firmafest & julebord,leie lokale til firmafest,Exact,,https://digilist.no/leie/firmafest
NO | Lokaltype og anledning,Minnestund,lokale til minnestund,Phrase,,https://digilist.no/leie/minnestund
NO | Lokaltype og anledning,Minnestund,lokale til minnestund,Exact,,https://digilist.no/leie/minnestund
NO | Lokaltype og anledning,Minnestund,leie lokale til minnestund,Phrase,,https://digilist.no/leie/minnestund
NO | Lokaltype og anledning,Minnestund,leie lokale til minnestund,Exact,,https://digilist.no/leie/minnestund
NO | Lokaltype og anledning,Minnestund,minnestund lokale,Phrase,,https://digilist.no/leie/minnestund
NO | Lokaltype og anledning,Minnestund,minnestund lokale,Exact,,https://digilist.no/leie/minnestund
NO | Lokaltype og anledning,Minnestund,gravferd minnestund lokale,Phrase,,https://digilist.no/leie/minnestund
NO | Lokaltype og anledning,Minnestund,gravferd minnestund lokale,Exact,,https://digilist.no/leie/minnestund
NO | Lokaltype og anledning,Møterom,møterom,Phrase,,https://digilist.no/leie/moterom
NO | Lokaltype og anledning,Møterom,møterom,Exact,,https://digilist.no/leie/moterom
NO | Lokaltype og anledning,Møterom,leie møterom,Phrase,,https://digilist.no/leie/moterom
NO | Lokaltype og anledning,Møterom,leie møterom,Exact,,https://digilist.no/leie/moterom
NO | Lokaltype og anledning,Møterom,møterom til leie,Phrase,,https://digilist.no/leie/moterom
NO | Lokaltype og anledning,Møterom,møterom til leie,Exact,,https://digilist.no/leie/moterom
NO | Lokaltype og anledning,Møterom,møtelokale,Phrase,,https://digilist.no/leie/moterom
NO | Lokaltype og anledning,Møterom,møtelokale,Exact,,https://digilist.no/leie/moterom
NO | Lokaltype og anledning,Møterom,leie møtelokale,Phrase,,https://digilist.no/leie/moterom
NO | Lokaltype og anledning,Møterom,leie møtelokale,Exact,,https://digilist.no/leie/moterom
NO | Lokaltype og anledning,Møterom,møterom leie time,Phrase,,https://digilist.no/leie/moterom
NO | Lokaltype og anledning,Møterom,møterom leie time,Exact,,https://digilist.no/leie/moterom
NO | Lokaltype og anledning,Konferanse & kurs,konferanselokale,Phrase,,https://digilist.no/leie/konferanselokale
NO | Lokaltype og anledning,Konferanse & kurs,konferanselokale,Exact,,https://digilist.no/leie/konferanselokale
NO | Lokaltype og anledning,Konferanse & kurs,konferanselokaler,Phrase,,https://digilist.no/leie/konferanselokale
NO | Lokaltype og anledning,Konferanse & kurs,konferanselokaler,Exact,,https://digilist.no/leie/konferanselokale
NO | Lokaltype og anledning,Konferanse & kurs,leie konferanselokale,Phrase,,https://digilist.no/leie/konferanselokale
NO | Lokaltype og anledning,Konferanse & kurs,leie konferanselokale,Exact,,https://digilist.no/leie/konferanselokale
NO | Lokaltype og anledning,Konferanse & kurs,kurslokale,Phrase,,https://digilist.no/leie/konferanselokale
NO | Lokaltype og anledning,Konferanse & kurs,kurslokale,Exact,,https://digilist.no/leie/konferanselokale
NO | Lokaltype og anledning,Konferanse & kurs,leie kurslokale,Phrase,,https://digilist.no/leie/konferanselokale
NO | Lokaltype og anledning,Konferanse & kurs,leie kurslokale,Exact,,https://digilist.no/leie/konferanselokale
NO | Lokaltype og anledning,Konferanse & kurs,seminarlokale,Phrase,,https://digilist.no/leie/konferanselokale
NO | Lokaltype og anledning,Konferanse & kurs,seminarlokale,Exact,,https://digilist.no/leie/konferanselokale
NO | Lokaltype og anledning,Konferanse & kurs,konferanselokale til leie,Phrase,,https://digilist.no/leie/konferanselokale
NO | Lokaltype og anledning,Konferanse & kurs,konferanselokale til leie,Exact,,https://digilist.no/leie/konferanselokale
NO | Lokaltype og anledning,Kulturhus,leie kulturhus,Phrase,,https://digilist.no/leie/kulturhus
NO | Lokaltype og anledning,Kulturhus,leie kulturhus,Exact,,https://digilist.no/leie/kulturhus
NO | Lokaltype og anledning,Kulturhus,kulturhus til leie,Phrase,,https://digilist.no/leie/kulturhus
NO | Lokaltype og anledning,Kulturhus,kulturhus til leie,Exact,,https://digilist.no/leie/kulturhus
NO | Lokaltype og anledning,Kulturhus,storsal til leie,Phrase,,https://digilist.no/leie/kulturhus
NO | Lokaltype og anledning,Kulturhus,storsal til leie,Exact,,https://digilist.no/leie/kulturhus
NO | Lokaltype og anledning,Kulturhus,scene til leie,Phrase,,https://digilist.no/leie/kulturhus
NO | Lokaltype og anledning,Kulturhus,scene til leie,Exact,,https://digilist.no/leie/kulturhus
NO | Lokaltype og anledning,Kulturhus,leie sal til arrangement,Phrase,,https://digilist.no/leie/kulturhus
NO | Lokaltype og anledning,Kulturhus,leie sal til arrangement,Exact,,https://digilist.no/leie/kulturhus
NO | Lokaltype og anledning,Idrettshall,leie idrettshall,Phrase,,https://digilist.no/leie/idrettshall
NO | Lokaltype og anledning,Idrettshall,leie idrettshall,Exact,,https://digilist.no/leie/idrettshall
NO | Lokaltype og anledning,Idrettshall,idrettshall til leie,Phrase,,https://digilist.no/leie/idrettshall
NO | Lokaltype og anledning,Idrettshall,idrettshall til leie,Exact,,https://digilist.no/leie/idrettshall
NO | Lokaltype og anledning,Idrettshall,leie gymsal,Phrase,,https://digilist.no/leie/idrettshall
NO | Lokaltype og anledning,Idrettshall,leie gymsal,Exact,,https://digilist.no/leie/idrettshall
NO | Lokaltype og anledning,Idrettshall,gymsal til leie,Phrase,,https://digilist.no/leie/idrettshall
NO | Lokaltype og anledning,Idrettshall,gymsal til leie,Exact,,https://digilist.no/leie/idrettshall
NO | Lokaltype og anledning,Idrettshall,leie hall til trening,Phrase,,https://digilist.no/leie/idrettshall
NO | Lokaltype og anledning,Idrettshall,leie hall til trening,Exact,,https://digilist.no/leie/idrettshall
NO | Lokaltype og anledning,Idrettshall,leie sal til trening,Phrase,,https://digilist.no/leie/idrettshall
NO | Lokaltype og anledning,Idrettshall,leie sal til trening,Exact,,https://digilist.no/leie/idrettshall
NO | Lokaltype og anledning,Padel,leie padelbane,Phrase,,https://digilist.no/leie/padelbane
NO | Lokaltype og anledning,Padel,leie padelbane,Exact,,https://digilist.no/leie/padelbane
NO | Lokaltype og anledning,Padel,padelbane til leie,Phrase,,https://digilist.no/leie/padelbane
NO | Lokaltype og anledning,Padel,padelbane til leie,Exact,,https://digilist.no/leie/padelbane
NO | Lokaltype og anledning,Padel,booke padelbane,Phrase,,https://digilist.no/leie/padelbane
NO | Lokaltype og anledning,Padel,booke padelbane,Exact,,https://digilist.no/leie/padelbane
NO | Lokaltype og anledning,Svømmehall,leie svømmehall,Phrase,,https://digilist.no/leie/svommehall
NO | Lokaltype og anledning,Svømmehall,leie svømmehall,Exact,,https://digilist.no/leie/svommehall
NO | Lokaltype og anledning,Svømmehall,svømmehall til leie,Phrase,,https://digilist.no/leie/svommehall
NO | Lokaltype og anledning,Svømmehall,svømmehall til leie,Exact,,https://digilist.no/leie/svommehall
NO | Lokaltype og anledning,Svømmehall,leie basseng,Phrase,,https://digilist.no/leie/svommehall
NO | Lokaltype og anledning,Svømmehall,leie basseng,Exact,,https://digilist.no/leie/svommehall
NO | Lokaltype og anledning,Kontor & coworking,kontorlokaler til leie,Phrase,,https://digilist.no/leie/kontorlokaler
NO | Lokaltype og anledning,Kontor & coworking,kontorlokaler til leie,Exact,,https://digilist.no/leie/kontorlokaler
NO | Lokaltype og anledning,Kontor & coworking,leie kontorlokaler,Phrase,,https://digilist.no/leie/kontorlokaler
NO | Lokaltype og anledning,Kontor & coworking,leie kontorlokaler,Exact,,https://digilist.no/leie/kontorlokaler
NO | Lokaltype og anledning,Kontor & coworking,kontor til leie,Phrase,,https://digilist.no/leie/kontorlokaler
NO | Lokaltype og anledning,Kontor & coworking,kontor til leie,Exact,,https://digilist.no/leie/kontorlokaler
NO | Lokaltype og anledning,Kontor & coworking,leie kontorplass,Phrase,,https://digilist.no/leie/kontorlokaler
NO | Lokaltype og anledning,Kontor & coworking,leie kontorplass,Exact,,https://digilist.no/leie/kontorlokaler
NO | Lokaltype og anledning,Kontor & coworking,kontorplass til leie,Phrase,,https://digilist.no/leie/kontorlokaler
NO | Lokaltype og anledning,Kontor & coworking,kontorplass til leie,Exact,,https://digilist.no/leie/kontorlokaler
NO | Lokaltype og anledning,Kontor & coworking,coworking,Phrase,,https://digilist.no/leie/kontorlokaler
NO | Lokaltype og anledning,Kontor & coworking,coworking,Exact,,https://digilist.no/leie/kontorlokaler
NO | Lokaltype og anledning,Hall & storlokale,leie hall,Phrase,,https://digilist.no/leie/hall
NO | Lokaltype og anledning,Hall & storlokale,leie hall,Exact,,https://digilist.no/leie/hall
NO | Lokaltype og anledning,Hall & storlokale,hall til leie,Phrase,,https://digilist.no/leie/hall
NO | Lokaltype og anledning,Hall & storlokale,hall til leie,Exact,,https://digilist.no/leie/hall
NO | Lokaltype og anledning,Hall & storlokale,storlokale til leie,Phrase,,https://digilist.no/leie/hall
NO | Lokaltype og anledning,Hall & storlokale,storlokale til leie,Exact,,https://digilist.no/leie/hall
NO | Lokaltype og anledning,,jobb,Campaign Negative Phrase,,
NO | Lokaltype og anledning,,ledig stilling,Campaign Negative Phrase,,
NO | Lokaltype og anledning,,stilling,Campaign Negative Phrase,,
NO | Lokaltype og anledning,,karriere,Campaign Negative Phrase,,
NO | Lokaltype og anledning,,lønn,Campaign Negative Phrase,,
NO | Lokaltype og anledning,,praksisplass,Campaign Negative Phrase,,
NO | Lokaltype og anledning,,kjøpe,Campaign Negative Phrase,,
NO | Lokaltype og anledning,,til salgs,Campaign Negative Phrase,,
NO | Lokaltype og anledning,,selges,Campaign Negative Phrase,,
NO | Lokaltype og anledning,,salg av,Campaign Negative Phrase,,
NO | Lokaltype og anledning,,takst,Campaign Negative Phrase,,
NO | Lokaltype og anledning,,gratis,Campaign Negative Phrase,,
NO | Lokaltype og anledning,,leilighet,Campaign Negative Phrase,,
NO | Lokaltype og anledning,,hybel,Campaign Negative Phrase,,
NO | Lokaltype og anledning,,bolig,Campaign Negative Phrase,,
NO | Lokaltype og anledning,,enebolig,Campaign Negative Phrase,,
NO | Lokaltype og anledning,,hus til leie,Campaign Negative Phrase,,
NO | Lokaltype og anledning,,rom til leie,Campaign Negative Phrase,,
NO | Lokaltype og anledning,,husleie,Campaign Negative Phrase,,
NO | Lokaltype og anledning,,borettslag,Campaign Negative Phrase,,
NO | Lokaltype og anledning,,studentbolig,Campaign Negative Phrase,,
NO | Lokaltype og anledning,,finn.no bolig,Campaign Negative Phrase,,
NO | Lokaltype og anledning,,airbnb,Campaign Negative Phrase,,
NO | Lokaltype og anledning,,lagerlokale,Campaign Negative Phrase,,
NO | Lokaltype og anledning,,lagerplass,Campaign Negative Phrase,,
NO | Lokaltype og anledning,,container,Campaign Negative Phrase,,
NO | Lokaltype og anledning,,garasje,Campaign Negative Phrase,,
NO | Lokaltype og anledning,,parkeringsplass,Campaign Negative Phrase,,
NO | Lokaltype og anledning,,bobil,Campaign Negative Phrase,,
NO | Lokaltype og anledning,,campingvogn,Campaign Negative Phrase,,
NO | Lokaltype og anledning,,varebil,Campaign Negative Phrase,,
NO | Lokaltype og anledning,,tomt til leie,Campaign Negative Phrase,,
NO | Lokaltype og anledning,,bookingsystem,Campaign Negative Phrase,,
NO | Lokaltype og anledning,,booking system,Campaign Negative Phrase,,
NO | Lokaltype og anledning,,programvare,Campaign Negative Phrase,,
NO | Lokaltype og anledning,,software,Campaign Negative Phrase,,
NO | Lokaltype og anledning,,leverandør,Campaign Negative Phrase,,
NO | Lokaltype og anledning,,anbud,Campaign Negative Phrase,,
NO | Lokaltype og anledning,,doffin,Campaign Negative Phrase,,
NO | Lokaltype og anledning,,wikipedia,Campaign Negative Phrase,,
NO | Lokaltype og anledning,,hva betyr,Campaign Negative Phrase,,
NO | Lokaltype og anledning,,definisjon,Campaign Negative Phrase,,
NO | Lokaltype og anledning,,Trondheim,Campaign Negative Phrase,,
NO | Lokaltype og anledning,,Oslo,Campaign Negative Phrase,,
NO | Lokaltype og anledning,,Bærum,Campaign Negative Phrase,,
NO | Lokaltype og anledning,,Bergen,Campaign Negative Phrase,,
NO | Lokaltype og anledning,,Drammen,Campaign Negative Phrase,,
NO | Lokaltype og anledning,,Kristiansand,Campaign Negative Phrase,,
NO | Lokaltype og anledning,,Sandnes,Campaign Negative Phrase,,
NO | Lokaltype og anledning,,Sarpsborg,Campaign Negative Phrase,,
NO | Lokaltype og anledning,,Fredrikstad,Campaign Negative Phrase,,
NO | Lokaltype og anledning,,Tønsberg,Campaign Negative Phrase,,
NO | Lokaltype og anledning,,Bodø,Campaign Negative Phrase,,
NO | Lokaltype og anledning,,Tromsø,Campaign Negative Phrase,,
NO | Lokaltype og anledning,,Haugesund,Campaign Negative Phrase,,
NO | Lokaltype og anledning,,Sandefjord,Campaign Negative Phrase,,
NO | Lokaltype og anledning,,Ålesund,Campaign Negative Phrase,,
NO | Lokaltype og anledning,,Stavanger,Campaign Negative Phrase,,
"NO | Kommune (exact, capped)",Kommunalt bookingsystem,bookingsystem kommune,Exact,,https://digilist.no/bookingsystem-kommune
"NO | Kommune (exact, capped)",Kommunalt bookingsystem,booking system kommune,Exact,,https://digilist.no/bookingsystem-kommune
"NO | Kommune (exact, capped)",Kommunalt bookingsystem,bookingsystem for kommuner,Exact,,https://digilist.no/bookingsystem-kommune
"NO | Kommune (exact, capped)",Kommunalt bookingsystem,kommunalt bookingsystem,Exact,,https://digilist.no/bookingsystem-kommune
"NO | Kommune (exact, capped)",Kommunalt bookingsystem,beste bookingsystem for kommuner,Exact,,https://digilist.no/bookingsystem-kommune
"NO | Kommune (exact, capped)",Kommunalt bookingsystem,bookingsystem kommunale bygg,Exact,,https://digilist.no/bookingsystem-kommune
"NO | Kommune (exact, capped)",Kommunalt bookingsystem,booking kommunale lokaler,Exact,,https://digilist.no/bookingsystem-kommune
"NO | Kommune (exact, capped)",Kommunalt bookingsystem,utleie av kommunale lokaler system,Exact,,https://digilist.no/bookingsystem-kommune
"NO | Kommune (exact, capped)",Kommunalt bookingsystem,system for utleie av lokaler,Exact,,https://digilist.no/bookingsystem-kommune
"NO | Kommune (exact, capped)",Kommunalt bookingsystem,system for utlån av lokaler,Exact,,https://digilist.no/bookingsystem-kommune
"NO | Kommune (exact, capped)",Kommunalt bookingsystem,bookingsystem idrettshall,Exact,,https://digilist.no/bookingsystem-kommune
"NO | Kommune (exact, capped)",Kommunalt bookingsystem,bookingsystem for idrettsanlegg,Exact,,https://digilist.no/bookingsystem-kommune
"NO | Kommune (exact, capped)",Kommunalt bookingsystem,bookingsystem kulturhus,Exact,,https://digilist.no/bookingsystem-kommune
"NO | Kommune (exact, capped)",Kommunalt bookingsystem,bookingsystem skolelokaler,Exact,,https://digilist.no/bookingsystem-kommune
"NO | Kommune (exact, capped)",Kommunalt bookingsystem,bookingsystem for idrettslag,Exact,,https://digilist.no/bookingsystem-kommune
"NO | Kommune (exact, capped)",Kommunalt bookingsystem,system for tildeling av treningstid,Exact,,https://digilist.no/bookingsystem-kommune
"NO | Kommune (exact, capped)",Kommunalt bookingsystem,sesongtildeling idrettshall system,Exact,,https://digilist.no/bookingsystem-kommune
"NO | Kommune (exact, capped)",Kommunalt bookingsystem,digitalisere booking av lokaler,Exact,,https://digilist.no/bookingsystem-kommune
"NO | Kommune (exact, capped)",Kommunalt bookingsystem,digital utleie kommunale lokaler,Exact,,https://digilist.no/bookingsystem-kommune
"NO | Kommune (exact, capped)",Kommunalt bookingsystem,bookingløsning kommune,Exact,,https://digilist.no/bookingsystem-kommune
"NO | Kommune (exact, capped)",,lokale til leie,Campaign Negative Phrase,,
"NO | Kommune (exact, capped)",,lokaler til leie,Campaign Negative Phrase,,
"NO | Kommune (exact, capped)",,leie lokale,Campaign Negative Phrase,,
"NO | Kommune (exact, capped)",,selskapslokale,Campaign Negative Phrase,,
"NO | Kommune (exact, capped)",,festlokale,Campaign Negative Phrase,,
"NO | Kommune (exact, capped)",,bryllup,Campaign Negative Phrase,,
"NO | Kommune (exact, capped)",,bursdag,Campaign Negative Phrase,,
"NO | Kommune (exact, capped)",,konfirmasjon,Campaign Negative Phrase,,
"NO | Kommune (exact, capped)",,julebord,Campaign Negative Phrase,,
"NO | Kommune (exact, capped)",,jobb,Campaign Negative Phrase,,
"NO | Kommune (exact, capped)",,ledig stilling,Campaign Negative Phrase,,
"NO | Kommune (exact, capped)",,gratis,Campaign Negative Phrase,,
"NO | Kommune (exact, capped)",,kurs,Campaign Negative Phrase,,
"NO | Kommune (exact, capped)",,utdanning,Campaign Negative Phrase,,
"NO | Kommune (exact, capped)",,wikipedia,Campaign Negative Phrase,,
NO | Utleiere (supply),Leie ut lokale,leie ut lokale,Exact,,https://digilist.no/bookingsystem-utleie
NO | Utleiere (supply),Leie ut lokale,leie ut lokalet mitt,Exact,,https://digilist.no/bookingsystem-utleie
NO | Utleiere (supply),Leie ut lokale,leie ut selskapslokale,Exact,,https://digilist.no/bookingsystem-utleie
NO | Utleiere (supply),Leie ut lokale,annonsere lokale til leie,Exact,,https://digilist.no/bookingsystem-utleie
NO | Utleiere (supply),Leie ut lokale,bookingsystem for utleie av lokaler,Exact,,https://digilist.no/bookingsystem-utleie
NO | Utleiere (supply),Leie ut lokale,bookingsystem selskapslokale,Exact,,https://digilist.no/bookingsystem-utleie
NO | Utleiere (supply),Leie ut lokale,utleiesystem lokaler,Exact,,https://digilist.no/bookingsystem-utleie
NO | Utleiere (supply),Leie ut lokale,booking kalender for utleie,Exact,,https://digilist.no/bookingsystem-utleie
NO | Utleiere (supply),Leie ut lokale,hvordan leie ut lokale,Exact,,https://digilist.no/bookingsystem-utleie
NO | Utleiere (supply),,jobb,Campaign Negative Phrase,,
NO | Utleiere (supply),,ledig stilling,Campaign Negative Phrase,,
NO | Utleiere (supply),,stilling,Campaign Negative Phrase,,
NO | Utleiere (supply),,karriere,Campaign Negative Phrase,,
NO | Utleiere (supply),,lønn,Campaign Negative Phrase,,
NO | Utleiere (supply),,praksisplass,Campaign Negative Phrase,,
NO | Utleiere (supply),,kjøpe,Campaign Negative Phrase,,
NO | Utleiere (supply),,til salgs,Campaign Negative Phrase,,
NO | Utleiere (supply),,selges,Campaign Negative Phrase,,
NO | Utleiere (supply),,salg av,Campaign Negative Phrase,,
NO | Utleiere (supply),,takst,Campaign Negative Phrase,,
NO | Utleiere (supply),,gratis,Campaign Negative Phrase,,
NO | Utleiere (supply),,leilighet,Campaign Negative Phrase,,
NO | Utleiere (supply),,hybel,Campaign Negative Phrase,,
NO | Utleiere (supply),,bolig,Campaign Negative Phrase,,
NO | Utleiere (supply),,enebolig,Campaign Negative Phrase,,
NO | Utleiere (supply),,hus til leie,Campaign Negative Phrase,,
NO | Utleiere (supply),,rom til leie,Campaign Negative Phrase,,
NO | Utleiere (supply),,husleie,Campaign Negative Phrase,,
NO | Utleiere (supply),,borettslag,Campaign Negative Phrase,,
NO | Utleiere (supply),,studentbolig,Campaign Negative Phrase,,
NO | Utleiere (supply),,finn.no bolig,Campaign Negative Phrase,,
NO | Utleiere (supply),,airbnb,Campaign Negative Phrase,,
NO | Utleiere (supply),,lagerlokale,Campaign Negative Phrase,,
NO | Utleiere (supply),,lagerplass,Campaign Negative Phrase,,
NO | Utleiere (supply),,container,Campaign Negative Phrase,,
NO | Utleiere (supply),,garasje,Campaign Negative Phrase,,
NO | Utleiere (supply),,parkeringsplass,Campaign Negative Phrase,,
NO | Utleiere (supply),,bobil,Campaign Negative Phrase,,
NO | Utleiere (supply),,campingvogn,Campaign Negative Phrase,,
NO | Utleiere (supply),,varebil,Campaign Negative Phrase,,
NO | Utleiere (supply),,tomt til leie,Campaign Negative Phrase,,
NO | Utleiere (supply),,programvare,Campaign Negative Phrase,,
NO | Utleiere (supply),,software,Campaign Negative Phrase,,
NO | Utleiere (supply),,leverandør,Campaign Negative Phrase,,
NO | Utleiere (supply),,anbud,Campaign Negative Phrase,,
NO | Utleiere (supply),,doffin,Campaign Negative Phrase,,
NO | Utleiere (supply),,wikipedia,Campaign Negative Phrase,,
NO | Utleiere (supply),,hva betyr,Campaign Negative Phrase,,
NO | Utleiere (supply),,definisjon,Campaign Negative Phrase,,
